time(s),fx,fy,fz,tx,ty,tz,hall1,hall2,hall3
0.000,69.33,393.66,-258.84,-8.24,18.37,-14.40,17.28,-8.53,59.85
0.010,69.33,393.66,-258.84,-8.24,18.37,-14.40,17.28,-8.53,59.85
0.020,314.57,-95.76,609.66,16.71,-20.98,-8.01,-3.72,-12.53,45.85
0.030,-155.91,403.90,446.18,-18.31,11.82,-9.02,-3.72,-12.53,45.85
0.040,-155.91,403.90,446.18,-18.31,11.82,-9.02,9.28,-18.52,78.85
0.050,274.31,-165.02,-282.32,19.29,18.47,-9.16,9.28,-18.52,78.85
0.060,359.24,-254.66,-120.78,-3.74,-16.48,15.43,0.28,17.48,66.85
0.070,359.24,-254.66,-120.78,-3.74,-16.48,15.43,-9.72,9.47,54.85
0.080,-276.26,352.62,440.42,-14.20,-14.36,-16.59,-9.72,9.47,54.85
0.090,-276.26,352.62,440.42,-14.20,-14.36,-16.59,-9.72,9.47,54.85
0.100,-155.75,-328.90,445.54,17.22,-14.88,14.09,-2.72,-12.53,61.85
0.110,-79.14,352.70,407.44,-5.58,-15.96,-16.17,-2.72,-12.53,61.85
0.120,-79.14,352.70,407.44,-5.58,-15.96,-16.17,-12.72,9.47,68.85
0.130,-244.59,-144.42,41.06,17.09,-8.92,-1.85,-12.72,9.47,68.85
0.140,-378.76,349.68,-100.56,2.67,13.57,-7.98,2.28,-2.53,73.85
0.150,-378.76,349.68,-100.56,2.67,13.57,-7.98,2.28,-2.53,73.85
0.160,-285.25,-389.06,-330.70,-8.25,15.81,11.60,0.28,-4.53,79.85
0.170,-285.25,-389.06,-330.70,-8.25,15.81,11.60,0.28,-4.53,79.85
0.180,-81.83,39.44,63.56,-32.18,-4.67,-16.57,-5.72,-18.52,56.85
0.190,-57.16,389.34,-205.18,-14.01,13.99,13.33,-5.72,-18.52,56.85
0.200,-57.16,389.34,-205.18,-14.01,13.99,13.33,-0.72,1.47,60.85
0.210,-376.11,-167.88,435.38,-14.39,-8.92,18.16,-0.72,1.47,60.85
0.220,-378.29,-300.52,-57.04,19.04,-18.98,14.16,-7.72,-6.53,79.85
0.230,-378.29,-300.52,-57.04,19.04,-18.98,14.16,-7.72,-6.53,79.85
0.240,415.48,-308.34,-291.06,-7.09,4.30,12.04,-8.72,-0.53,45.85
0.250,415.48,-308.34,-291.06,-7.09,4.30,12.04,-8.72,-0.53,45.85
0.260,236.44,368.86,-49.40,18.53,12.26,14.15,25.28,-14.53,64.85
0.270,226.24,-307.18,-261.66,-16.31,-20.51,-17.15,25.28,-14.53,64.85
0.280,226.24,-307.18,-261.66,-16.31,-20.51,-17.15,1.28,-6.53,44.85
0.290,-143.47,398.70,409.42,-15.68,-9.94,-0.81,1.28,-6.53,44.85
0.300,-99.47,-738.32,-284.40,-0.41,-18.47,17.86,4.28,-0.53,49.85
0.310,-99.47,-738.32,-284.40,-0.41,-18.47,17.86,4.28,-0.53,49.85
0.320,359.15,402.02,-301.26,18.57,11.93,-17.33,0.28,11.47,60.85
0.330,359.15,402.02,-301.26,18.57,11.93,-17.33,0.28,11.47,60.85
0.340,-244.37,-348.36,406.80,-9.15,17.86,-14.59,-18.72,1.47,72.85
0.350,31.75,280.94,-340.78,-8.25,17.86,-16.57,-18.72,1.47,72.85
0.360,31.75,280.94,-340.78,-8.25,17.86,-16.57,1.28,3.47,56.85
0.370,226.31,389.10,-299.82,-9.17,-0.56,-16.56,1.28,3.47,56.85
0.380,-153.66,60.12,261.42,-14.21,-14.36,14.08,3.28,-6.53,75.85
0.390,-153.66,60.12,261.42,-14.21,-14.36,14.08,3.28,-6.53,75.85
0.400,369.39,275.34,-342.06,12.42,13.55,13.57,4.28,-10.53,39.85
0.410,369.39,275.34,-342.06,12.42,13.55,13.57,4.28,-10.53,39.85
0.420,409.71,-390.26,406.58,-8.24,-1.59,15.69,16.28,5.47,47.85
0.430,-94.33,-10.82,365.18,-6.61,15.81,12.11,16.28,5.47,47.85
0.440,-94.33,-10.82,365.18,-6.61,15.81,12.11,4.28,11.47,54.85
0.450,279.39,-144.40,435.38,17.09,-8.81,-13.63,4.28,11.47,54.85
0.460,-373.49,-353.30,-218.64,-5.32,1.43,18.41,11.28,7.47,37.85
0.470,-373.49,-353.30,-218.64,-5.32,1.43,18.41,11.28,7.47,37.85
0.480,-135.59,60.28,-241.36,19.29,-18.79,-16.44,0.28,-2.53,63.85
0.490,-135.59,60.28,-241.36,19.29,-18.79,-16.44,0.28,-2.53,63.85
0.500,-81.98,59.92,251.14,-17.78,11.94,-21.31,13.28,-2.53,67.85
0.510,-153.71,-329.20,107.90,-13.69,13.79,-6.33,13.28,-2.53,67.85
0.520,-153.71,-329.20,107.90,-13.69,13.79,-6.33,4.28,7.47,66.85
0.530,-336.85,-103.88,65.80,16.74,-14.37,-6.98,4.28,7.47,66.85
0.540,404.75,-349.30,315.30,-20.34,11.78,-8.11,-14.72,5.47,31.85
0.550,404.75,-349.30,315.30,-20.34,11.78,-8.11,-14.72,5.47,31.85
0.560,-397.73,-264.70,-118.20,18.53,11.75,-20.69,5.28,-12.53,45.85
0.570,-397.73,-264.70,-118.20,18.53,11.75,-20.69,5.28,-12.53,45.85
0.580,374.75,-255.78,435.94,-18.24,17.63,17.75,8.28,11.47,68.85
0.590,72.72,384.90,-79.98,-13.38,-18.01,-1.35,8.28,11.47,68.85
0.600,72.72,384.90,-79.98,-13.38,-18.01,-1.35,-5.72,23.48,52.85
0.610,332.92,307.26,-342.30,-15.67,-8.80,18.40,-5.72,23.48,52.85
0.620,-133.22,352.90,-209.42,-9.16,15.81,-15.10,22.28,-20.52,48.85
0.630,-133.22,352.90,-209.42,-9.16,15.81,-15.10,22.28,-20.52,48.85
0.640,363.80,-389.22,-100.56,0.08,15.81,11.59,32.28,-0.53,62.85
0.650,363.80,-389.22,-100.56,0.08,15.81,11.59,32.28,-0.53,62.85
0.660,415.00,266.46,354.26,-5.43,0.30,0.08,13.28,-10.53,51.85
0.670,404.75,277.26,-80.12,18.78,16.43,-9.01,13.28,-10.53,51.85
0.680,404.75,277.26,-80.12,18.78,16.43,-9.01,-11.72,-12.53,36.85
0.690,-341.64,-256.06,-120.92,-1.09,14.54,11.60,-11.72,-12.53,36.85
0.700,-156.26,398.78,409.06,-16.06,-17.12,-9.16,4.28,9.47,62.85
0.710,-156.26,398.78,409.06,-16.06,-17.12,-9.16,4.28,9.47,62.85
0.720,-155.94,398.78,348.90,15.03,-6.38,-18.37,7.28,9.47,58.85
0.730,-155.94,398.78,348.90,15.03,-6.38,-18.37,7.28,9.47,58.85
0.740,-105.06,388.54,-330.54,-5.58,16.07,15.69,8.28,3.47,56.85
0.750,-132.87,-290.80,104.40,2.11,18.37,12.10,8.28,3.47,56.85
0.760,-132.87,-290.80,104.40,2.11,18.37,12.10,-10.72,-12.53,64.85
0.770,364.36,349.70,-118.52,2.11,-0.56,-14.52,-10.72,-12.53,64.85
0.780,359.24,278.04,-46.46,15.42,16.08,13.84,0.28,21.48,70.85
0.790,359.24,278.04,-46.46,15.42,16.08,13.84,10.28,9.47,73.85
0.800,-84.27,352.70,406.60,-8.14,-15.96,-34.11,10.28,9.47,73.85
0.810,-84.27,352.70,406.60,-8.14,-15.96,-34.11,10.28,9.47,73.85
0.820,415.63,280.30,317.06,-16.19,-8.80,18.40,21.28,-16.52,64.85
0.830,-278.99,20.02,324.66,-8.27,-0.75,15.86,21.28,-16.52,64.85
0.840,-278.99,20.02,324.66,-8.27,-0.75,15.86,-4.72,5.47,60.85
0.850,-135.26,204.34,313.86,-7.10,-18.03,-16.18,-4.72,5.47,60.85
0.860,-320.06,347.58,396.36,-8.13,-2.62,-15.03,26.28,27.48,44.85
0.870,-320.06,347.58,396.36,-8.13,-2.62,-15.03,26.28,27.48,44.85
0.880,-285.08,-378.74,-220.54,12.42,-6.12,1.26,10.28,5.47,61.85
0.890,-285.08,-378.74,-220.54,12.42,-6.12,1.26,10.28,5.47,61.85
0.900,51.13,19.00,62.18,-33.34,8.65,18.26,17.28,3.47,55.85
0.910,405.31,392.12,-256.38,-19.86,16.35,12.04,17.28,3.47,55.85
0.920,405.31,392.12,-256.38,-19.86,16.35,12.04,28.28,3.47,64.85
0.930,-153.34,352.62,-259.02,-9.15,18.62,11.53,28.28,3.47,64.85
0.940,-244.44,-144.56,440.50,16.59,-8.93,-18.23,32.28,-4.53,72.85
0.950,-244.44,-144.56,440.50,16.59,-8.93,-18.23,32.28,-4.53,72.85
0.960,-76.70,57.84,104.68,15.28,1.32,17.64,10.28,-4.53,51.85
0.970,-76.70,57.84,104.68,15.28,1.32,17.64,10.28,-4.53,51.85
0.980,72.72,-387.78,-100.60,16.74,-20.45,-9.01,32.28,-2.53,55.85
0.990,-375.96,-147.46,65.80,16.49,-14.38,-10.03,32.28,-2.53,55.85
1.000,-375.96,-147.46,65.80,16.49,-14.38,-10.03,20.28,3.47,77.85
1.010,28.57,20.10,-220.70,-20.16,11.68,15.40,20.28,3.47,77.85
1.020,-317.06,-290.44,-282.00,16.48,18.11,-19.24,15.28,15.47,67.85
1.030,-317.06,-290.44,-282.00,16.48,18.11,-19.24,15.28,15.47,67.85
1.040,-49.88,-377.34,-121.10,-15.29,-18.15,18.41,3.28,-4.53,50.85
1.050,-49.88,-377.34,-121.10,-15.29,-18.15,18.41,3.28,-4.53,50.85
1.060,-104.89,-287.76,-151.48,-10.83,18.62,16.14,28.28,-0.53,68.85
1.070,361.36,-165.06,445.54,19.01,17.82,-17.14,28.28,-0.53,68.85
1.080,361.36,-165.06,445.54,19.01,17.82,-17.14,24.28,-4.53,74.85
1.090,291.95,302.52,-44.12,-3.23,-16.86,-9.14,24.28,-4.53,74.85
1.100,-84.55,-62.10,-248.72,-9.14,-0.62,-0.78,21.28,-16.52,62.85
1.110,-84.55,-62.10,-248.72,-9.14,-0.62,-0.78,21.28,-16.52,62.85
1.120,261.39,276.70,-328.06,-19.77,-8.92,22.25,14.28,-6.53,58.85
1.130,261.39,276.70,-328.06,-19.77,-8.92,22.25,14.28,-6.53,58.85
1.140,371.60,-144.84,440.50,-19.84,-16.92,-21.17,14.28,9.47,61.85
1.150,-365.73,-144.40,-243.92,-15.44,-32.85,5.87,14.28,9.47,61.85
1.160,-365.73,-144.40,-243.92,-15.44,-32.85,5.87,11.28,15.47,60.85
1.170,-84.55,-165.32,-241.26,-17.33,1.30,15.59,11.28,15.47,60.85
1.180,28.41,57.88,261.50,-14.00,17.93,-8.14,-0.72,-10.53,49.85
1.190,28.41,57.88,261.50,-14.00,17.93,-8.14,-0.72,-10.53,49.85
1.200,285.19,-96.26,404.58,19.07,-9.97,15.60,31.28,-0.53,66.85
1.210,285.19,-96.26,404.58,19.07,-9.97,15.60,31.28,-0.53,66.85
1.220,-291.73,349.66,-100.56,16.74,12.32,-9.16,27.28,-4.53,64.85
1.230,281.71,-387.56,-118.22,16.48,17.90,13.79,27.28,-4.53,64.85
1.240,281.71,-387.56,-118.22,16.48,17.90,13.79,8.28,1.47,46.85
1.251,-332.69,-348.82,-340.94,-8.27,-1.13,18.40,8.28,1.47,46.85
1.260,-276.26,-329.20,-192.76,-17.48,17.87,11.59,6.28,13.47,58.85
1.271,-276.26,-329.20,-192.76,-17.48,17.87,11.59,30.28,17.48,80.85
1.280,-135.59,40.58,-330.52,-8.27,18.11,12.04,30.28,17.48,80.85
1.290,-135.59,40.58,-330.52,-8.27,18.11,12.04,30.28,17.48,80.85
1.300,-326.05,-348.10,308.18,12.49,-8.94,17.64,6.28,1.47,48.85
1.310,-135.75,-329.06,45.50,-1.10,-16.09,8.94,6.28,1.47,48.85
1.320,-135.75,-329.06,45.50,-1.10,-16.09,8.94,1.28,-2.53,82.85
1.330,359.24,-292.98,-218.90,-5.68,6.35,-15.16,1.28,-2.53,82.85
1.340,-376.12,-93.68,394.34,19.07,-20.32,-19.46,-3.72,5.47,45.85
1.350,-376.12,-93.68,394.34,19.07,-20.32,-19.46,-3.72,5.47,45.85
1.360,277.95,266.46,-219.18,-5.69,16.07,15.94,4.28,-14.53,72.85
1.370,277.95,266.46,-219.18,-5.69,16.07,15.94,4.28,-14.53,72.85
1.380,289.50,-146.96,-241.36,16.73,12.45,-15.06,3.28,-6.53,86.85
1.390,-283.96,-103.88,563.58,19.07,-18.46,-6.46,3.28,-6.53,86.85
1.401,-283.96,-103.88,563.58,19.07,-18.46,-6.46,18.28,-12.53,64.85
1.410,-132.87,352.70,-340.76,-8.12,9.16,-14.37,18.28,-12.53,64.85
1.420,-81.50,132.66,405.46,-14.13,-9.82,18.40,-1.72,-4.53,72.85
1.430,-81.50,132.66,405.46,-14.13,-9.82,18.40,-1.72,-4.53,72.85
1.440,-319.58,-287.74,399.54,-16.06,12.45,-16.45,16.28,11.47,59.85
1.450,-319.58,-287.74,399.54,-16.06,12.45,-16.45,16.28,11.47,59.85
1.460,411.00,276.70,-291.10,-17.80,-8.92,23.79,-0.72,-2.53,54.85
1.470,-376.56,-126.92,-284.72,18.53,-18.46,-6.32,-0.72,-2.53,54.85
1.480,-376.56,-126.92,-284.72,18.53,-18.46,-6.32,8.28,29.48,85.85
1.490,-279.14,-331.40,445.54,-15.76,-8.80,-38.86,8.28,29.48,85.85
1.500,72.09,511.62,323.54,12.61,-18.94,-8.12,-12.72,6.47,88.85
1.510,72.09,511.62,323.54,12.61,-18.94,-8.12,-12.72,6.47,88.85
1.520,-637.07,117.38,-205.18,12.94,-6.24,14.54,27.28,-5.53,74.85
1.530,-637.07,117.38,-205.18,12.94,-6.24,14.54,27.28,-5.53,74.85
1.540,-276.06,403.82,-253.24,-5.69,-18.03,-16.31,6.28,5.47,72.85
1.550,413.00,-96.26,450.94,14.72,-15.14,11.57,6.28,5.47,72.85
1.560,413.00,-96.26,450.94,14.72,-15.14,11.57,-10.72,-10.53,99.85
1.570,-250.60,389.94,-77.04,-1.08,-15.96,-16.31,-10.72,-10.53,99.85
1.580,397.19,-93.22,409.70,19.07,-6.25,15.85,0.28,9.47,96.85
1.590,397.19,-93.22,409.70,19.07,-6.25,15.85,0.28,9.47,96.85
1.600,359.39,359.74,-97.68,18.79,-16.35,-10.17,5.28,-2.53,84.85
1.610,359.39,359.74,-97.68,18.79,-16.35,-10.17,5.28,-2.53,84.85
1.620,71.78,-63.00,450.90,-19.76,-9.81,-18.24,-0.72,-9.53,87.85
1.630,-283.17,-103.40,271.62,-13.62,-9.83,-30.02,-0.72,-9.53,87.85
1.640,-283.17,-103.40,271.62,-13.62,-9.83,-30.02,-0.72,-6.53,64.85
1.650,-102.47,362.86,-297.50,-18.37,16.29,11.60,-0.72,-6.53,64.85
1.660,-102.47,362.86,-297.50,-18.37,16.29,11.60,-12.72,-13.53,78.85
1.670,-376.12,-147.08,107.20,0.11,14.00,-18.99,-12.72,-13.53,78.85
1.680,125.53,235.06,-215.58,-15.74,-6.36,-0.81,-14.72,-25.52,63.85
1.690,125.53,235.06,-215.58,-15.74,-6.36,-0.81,-14.72,-25.52,63.85
1.700,361.15,-144.88,450.74,-19.76,-9.95,15.85,-17.72,-21.52,90.85
1.710,246.72,-259.58,-49.36,-1.44,12.08,-7.09,-17.72,-21.52,90.85
1.720,246.72,-259.58,-49.36,-1.44,12.08,-7.09,-4.72,2.47,71.85
1.730,415.48,-337.00,-43.92,9.83,-16.37,-8.11,-4.72,2.47,71.85
1.740,-135.82,516.70,-299.78,-9.16,-15.97,8.94,-13.72,24.48,69.85
1.750,31.75,276.70,-46.36,-3.75,-21.03,-6.97,-13.72,24.48,69.85
1.760,319.07,-90.64,107.12,16.48,15.92,-9.02,-12.72,-14.53,67.85
1.771,319.07,-90.64,107.12,16.48,15.92,-9.02,-12.72,-14.53,67.85
1.780,372.06,-96.20,450.74,12.99,-8.92,-1.81,-18.72,4.47,84.85
1.790,-336.06,-262.26,-301.34,-14.08,-21.44,-6.58,-18.72,4.47,84.85
1.800,-336.06,-262.26,-301.34,-14.08,-21.44,-6.58,7.28,-6.53,95.85
1.810,-334.29,-333.94,437.94,-6.21,17.86,-20.67,7.28,-6.53,95.85
1.820,410.36,267.14,-66.96,27.50,-14.74,-6.58,-26.72,0.47,78.85
1.830,28.09,-288.24,450.66,18.49,-16.92,-15.10,-26.72,0.47,78.85
1.840,-250.60,393.10,445.06,-19.64,18.40,13.57,-2.72,-22.52,91.85
1.850,-250.60,393.10,445.06,-19.64,18.40,13.57,-2.72,-22.52,91.85
1.860,-81.84,-1.02,137.80,1.08,0.46,-19.70,-15.72,-2.53,81.85
1.870,-79.14,235.02,-248.58,-9.16,1.48,18.18,-15.72,-2.53,81.85
1.880,-79.14,235.02,-248.58,-9.16,1.48,18.18,-7.72,12.47,73.85
1.890,20.70,-290.60,43.08,2.10,-33.00,5.61,-7.72,12.47,73.85
1.900,289.04,-124.04,614.78,-19.76,-9.81,18.16,2.28,-1.53,78.85
1.910,404.27,-292.98,395.22,12.43,-15.07,-14.39,2.28,-1.53,78.85
1.920,-376.12,-147.40,394.34,-14.21,-15.14,-21.65,-10.72,-14.53,52.85
1.930,-376.12,-147.40,394.34,-14.21,-15.14,-21.65,-10.72,-14.53,52.85
1.940,-283.96,-147.52,66.94,-20.31,-7.76,14.52,-5.72,4.47,74.85
1.950,226.24,-305.64,-118.32,-1.11,16.07,-18.49,-11.72,13.47,69.85
1.960,226.24,-305.64,-118.32,-1.11,16.07,-18.49,-11.72,13.47,69.85
1.970,-363.05,-252.02,-328.22,16.11,-6.36,3.54,-11.72,13.47,69.85
1.980,-84.27,403.90,-340.88,-9.28,-18.16,-18.23,-17.72,10.47,67.85
1.990,-84.27,403.90,-340.88,-9.28,-18.16,-18.23,-17.72,10.47,67.85
2.000,-253.09,-105.96,43.24,-15.42,18.37,16.21,-5.72,21.48,84.85
2.010,-253.09,-105.96,43.24,-15.42,18.37,16.21,-5.72,21.48,84.85
2.020,-82.03,-287.72,-243.48,-1.95,-18.40,17.67,-31.72,1.47,73.85
2.030,409.88,-266.50,-97.68,-0.08,-1.13,9.96,-31.72,1.47,73.85
2.040,409.88,-266.50,-97.68,-0.08,-1.13,9.96,-15.72,1.47,47.85
2.050,-320.11,57.36,106.80,10.85,-18.93,-8.11,-15.72,1.47,47.85
2.060,364.36,-408.06,-59.12,9.32,-16.74,-20.66,-35.72,-16.52,89.85
2.070,364.36,-408.06,-59.12,9.32,-16.74,-20.66,-35.72,-16.52,89.85
2.080,-276.06,-287.88,-281.84,-17.35,-15.96,-16.20,-5.72,-18.52,63.85
2.090,-276.06,-287.88,-281.84,-17.35,-15.96,-16.20,-5.72,-18.52,63.85
2.100,28.36,60.26,445.54,12.42,-20.96,-9.01,-10.72,0.47,71.85
2.110,-317.50,-329.18,66.28,9.84,12.25,-21.17,-10.72,0.47,71.85
2.120,-317.50,-329.18,66.28,9.84,12.25,-21.17,-1.72,19.48,87.85
2.130,-285.25,-93.20,107.90,-18.29,-6.37,18.15,-1.72,19.48,87.85
2.140,329.31,308.54,-59.14,-15.29,16.07,-14.59,-18.72,-30.52,102.85
2.150,329.31,308.54,-59.14,-15.29,16.07,-14.59,-18.72,-30.52,102.85
2.160,318.83,-337.94,446.18,-16.18,-9.96,15.85,-9.72,3.47,75.85
2.170,318.83,-337.94,446.18,-16.18,-9.96,15.85,-9.72,3.47,75.85
2.180,359.24,-295.46,-118.20,19.04,16.42,-9.16,-32.72,13.47,73.85
2.190,401.60,-113.66,-284.60,19.04,12.33,-9.02,-32.72,13.47,73.85
2.200,401.60,-113.66,-284.60,19.04,12.33,-9.02,-6.72,2.47,95.85
2.210,-375.96,-167.44,107.90,-18.31,-6.37,-4.37,-6.72,2.47,95.85
2.220,523.27,-346.82,-98.06,16.48,-16.86,-7.11,-17.72,19.48,87.85
2.230,523.27,-346.82,-98.06,16.48,-16.86,-7.11,-17.72,19.48,87.85
2.240,-132.91,-328.84,-284.40,1.08,14.75,-16.17,-16.72,-2.53,71.85
2.250,-132.91,-328.84,-284.40,1.08,14.75,-16.17,-16.72,-2.53,71.85
2.260,361.31,-147.40,394.42,16.50,-8.79,15.59,10.28,-26.52,67.85
2.270,399.63,-348.42,323.54,-20.16,12.26,-15.28,10.28,-26.52,67.85
2.280,399.63,-348.42,323.54,-20.16,12.26,-15.28,-2.72,-10.53,77.85
2.290,400.12,-264.98,-291.02,19.12,-7.41,-9.67,-2.72,-10.53,77.85
2.300,-662.12,-93.16,-282.32,-17.33,-2.61,17.66,-11.72,-7.53,79.85
2.310,-662.12,-93.16,-282.32,-17.33,-2.61,17.66,-4.72,9.47,78.85
2.320,-317.50,19.12,63.28,16.48,16.57,11.53,-4.72,9.47,78.85
2.330,-317.50,19.12,63.28,16.48,16.57,11.53,-4.72,9.47,78.85
2.340,523.27,266.30,406.58,-9.29,9.67,-16.56,3.28,-22.52,59.85
2.350,-373.17,-375.06,-258.18,-6.07,14.76,-0.79,3.28,-22.52,59.85
2.360,-373.17,-375.06,-258.18,-6.07,14.76,-0.79,-23.72,15.47,79.85
2.370,-365.87,-164.88,476.50,-18.30,18.09,17.93,-23.72,15.47,79.85
2.380,364.36,-377.38,-98.04,0.11,-21.21,-9.02,-22.72,4.47,55.85
2.390,364.36,-377.38,-98.04,0.11,-21.21,-9.02,-22.72,4.47,55.85
2.400,-527.14,16.88,104.20,-12.88,16.07,-21.25,-15.72,20.48,86.85
2.410,-527.14,16.88,104.20,-12.88,16.07,-21.25,-15.72,20.48,86.85
2.420,-319.94,-5.78,-340.94,-8.12,1.48,-18.68,-7.72,7.47,90.85
2.430,226.07,-377.54,-97.56,-1.08,-4.67,14.15,-7.72,7.47,90.85
2.440,226.07,-377.54,-97.56,-1.08,-4.67,14.15,-13.72,24.48,106.85
2.450,410.36,-305.64,-97.72,18.53,-14.77,-20.52,-13.72,24.48,106.85
2.460,-375.90,-164.84,445.78,18.56,15.66,-9.14,-9.72,-1.53,75.85
2.470,-375.90,-164.84,445.78,18.56,15.66,-9.14,-9.72,-1.53,75.85
2.480,-81.86,347.50,-330.70,-9.14,-18.01,-0.81,-17.72,6.47,55.85
2.490,-81.86,347.50,-330.70,-9.14,-18.01,-0.81,-17.72,6.47,55.85
2.500,-114.98,214.54,-219.30,17.10,-8.94,18.40,-15.72,3.47,60.85
2.510,364.27,-310.98,-97.68,-2.00,8.65,13.57,-15.72,3.47,60.85
2.520,364.27,-310.98,-97.68,-2.00,8.65,13.57,-26.72,-12.53,60.85
2.530,-387.31,268.42,-59.48,-0.95,-1.63,-16.33,-26.72,-12.53,60.85
2.540,361.33,-147.44,445.82,12.99,-9.94,1.23,16.28,23.48,84.85
2.550,361.33,-147.44,445.82,12.99,-9.94,1.23,16.28,23.48,84.85
2.560,-84.22,57.34,440.50,16.33,-9.95,15.86,-8.72,-1.53,86.85
2.570,-84.22,57.34,440.50,16.33,-9.95,15.86,-8.72,-1.53,86.85
2.580,215.96,399.58,-342.22,-20.29,-16.41,-17.08,13.28,24.48,80.85
2.590,-366.40,-124.36,-282.04,-15.41,-1.76,-18.23,13.28,24.48,80.85
2.600,-366.40,-124.36,-282.04,-15.41,-1.76,-18.23,-23.72,-0.53,84.85
2.610,69.16,347.58,-220.54,-14.14,-9.94,24.05,-23.72,-0.53,84.85
2.620,-92.27,516.74,442.62,-9.16,-15.97,14.42,-10.72,-6.53,82.85
2.630,-92.27,516.74,442.62,-9.16,-15.97,14.42,-10.72,-6.53,82.85
2.640,-76.86,347.50,-340.72,-9.16,18.37,15.92,-11.72,-2.53,79.85
2.650,-76.86,347.50,-340.72,-9.16,18.37,15.92,-11.72,-2.53,79.85
2.660,338.30,398.70,-299.82,-8.27,-0.23,-10.05,-1.72,13.47,64.85
2.670,-283.76,-164.84,450.66,-19.80,-6.38,15.59,-1.72,13.47,64.85
2.680,-283.76,-164.84,450.66,-19.80,-6.38,15.59,6.28,-14.53,82.85
2.690,-156.22,16.44,106.94,-15.41,-29.02,18.42,-19.72,16.48,68.85
2.700,-155.75,-290.34,-243.60,-1.08,15.81,13.56,-19.72,16.48,68.85
2.710,-155.75,-290.34,-243.60,-1.08,15.81,13.56,-19.72,16.48,68.85
2.720,279.39,-144.84,394.42,12.48,-8.92,1.26,-23.72,-19.52,69.85
2.730,279.39,-144.84,394.42,12.48,-8.92,1.26,-23.72,-19.52,69.85
2.740,196.40,-136.88,-284.60,24.68,13.86,-9.14,-17.72,0.47,74.85
2.750,374.51,-374.90,-340.72,-8.12,18.11,-18.61,-17.72,0.47,74.85
2.760,374.51,-374.90,-340.72,-8.12,18.11,-18.61,-8.72,-8.53,68.85
2.770,-135.78,16.72,104.20,-2.13,-18.13,-16.33,-8.72,-8.53,68.85
2.780,-76.42,-0.38,364.26,-19.77,-8.81,15.59,-9.72,0.47,85.85
2.790,-76.42,-0.38,364.26,-19.77,-8.81,15.59,-9.72,0.47,85.85
2.800,359.24,-337.94,435.94,-5.58,15.81,15.44,-14.72,7.47,70.85
2.810,359.24,-337.94,435.94,-5.58,15.81,15.44,-14.72,7.47,70.85
2.820,69.50,20.12,-299.78,-9.15,16.08,15.66,-36.72,-5.53,67.85
2.830,-418.44,-337.78,-300.06,-19.62,-20.51,-17.39,-36.72,-5.53,67.85
2.840,-418.44,-337.78,-300.06,-19.62,-20.51,-17.39,-25.72,4.47,102.85
2.850,-276.40,-196.04,-579.32,1.97,1.45,-16.18,-25.72,4.47,102.85
2.860,-279.11,388.54,314.60,-8.25,18.11,-17.15,-7.72,-2.53,88.85
2.870,-279.11,388.54,314.60,-8.25,18.11,-17.15,-7.72,-2.53,88.85
2.880,-133.25,357.74,314.46,-9.29,9.16,12.10,8.28,-3.53,73.85
2.890,-133.25,357.74,314.46,-9.29,9.16,12.10,8.28,-3.53,73.85
2.900,31.75,-266.02,-300.50,-6.46,1.31,1.26,-13.72,28.48,90.85
2.910,-365.73,-147.44,394.42,-16.25,-6.37,5.61,-13.72,28.48,90.85
2.920,-365.73,-147.44,394.42,-16.25,-6.37,5.61,-8.72,-22.52,82.85
2.930,41.31,-287.72,66.82,19.13,14.30,-16.63,-8.72,-22.52,82.85
2.940,371.42,-147.44,-200.24,6.51,-14.80,-10.05,-5.72,4.47,79.85
2.950,371.42,-147.44,-200.24,6.51,-14.80,-10.05,-5.72,4.47,79.85
2.960,359.19,-392.68,-120.72,-17.48,18.37,18.18,-9.72,-5.53,74.85
2.970,359.19,-392.68,-120.72,-17.48,18.37,18.18,-9.72,-5.53,74.85
2.980,231.24,359.96,-100.64,15.21,-18.97,-21.17,-18.72,5.47,90.85
2.990,-135.32,-1.36,30.90,-20.28,-8.81,15.85,-18.72,5.47,90.85
3.000,-135.32,-1.36,30.90,-20.28,-8.81,15.85,16.28,14.47,66.85
3.010,31.68,399.30,-100.08,-17.35,-0.60,-18.23,16.28,14.47,66.85
3.020,-278.94,59.92,445.54,-20.28,-6.25,15.59,-17.72,0.47,103.85
3.030,-278.94,59.92,445.54,-20.28,-6.25,15.59,-17.72,0.47,103.85
3.040,-373.49,-390.42,-302.46,16.50,-8.81,-2.83,-5.72,-18.52,97.85
3.050,-373.49,-390.42,-302.46,16.50,-8.81,-2.83,-5.72,-18.52,97.85
3.060,-276.38,19.00,271.62,-21.37,12.02,-21.05,-9.72,7.47,76.85
3.070,246.68,399.58,-46.64,-15.41,3.62,-18.38,-9.72,7.47,76.85
3.080,246.68,399.58,-46.64,-15.41,3.62,-18.38,10.28,-1.53,73.85
3.090,-114.83,204.30,-215.42,-16.19,-9.84,-13.62,10.28,-1.53,73.85
3.100,246.79,-387.58,-59.60,-11.34,-16.10,-18.37,0.28,-10.53,85.85
3.110,246.79,-387.58,-59.60,-11.34,-16.10,-18.37,0.28,-10.53,85.85
3.120,-76.55,37.40,-281.84,-33.72,-1.08,15.40,6.28,13.47,88.85
3.130,-76.55,37.40,-281.84,-33.72,-1.08,15.40,6.28,13.47,88.85
3.140,359.15,-377.52,-121.04,16.48,16.35,-22.20,-3.72,6.47,89.85
3.150,-278.99,-329.16,66.16,9.32,-18.88,-6.46,-3.72,6.47,89.85
3.160,-278.99,-329.16,66.16,9.32,-18.88,-6.46,-2.72,-10.53,86.85
3.170,288.24,349.50,-118.52,2.10,18.64,-17.34,-2.72,-10.53,86.85
3.180,288.24,349.50,-118.52,2.10,18.64,-17.34,-1.72,-9.53,87.85
3.190,329.15,-95.76,107.90,-20.28,-9.83,9.96,-1.72,-9.53,87.85
3.200,-243.09,-344.18,358.02,14.50,-7.76,8.43,28.28,-4.53,70.85
3.210,-243.09,-344.18,358.02,14.50,-7.76,8.43,28.28,-4.53,70.85
3.220,72.09,61.06,368.10,19.12,-7.25,-0.84,0.28,2.47,79.85
3.230,51.08,398.78,-224.58,-8.13,16.06,13.81,0.28,2.47,79.85
3.240,51.08,398.78,-224.58,-8.13,16.06,13.81,-29.72,1.47,91.85
3.250,-135.75,347.58,364.26,-7.09,14.63,18.16,-29.72,1.47,91.85
3.260,-135.75,347.58,364.26,-7.09,14.63,18.16,4.28,5.47,75.85
3.270,-244.37,-264.74,-100.40,-17.33,-15.98,4.04,4.28,5.47,75.85
3.280,-284.52,-126.98,63.58,19.05,16.36,-14.55,-11.72,17.48,74.85
3.290,-284.52,-126.98,63.58,19.05,16.36,-14.55,-11.72,17.48,74.85
3.300,-133.06,57.68,435.30,-19.85,-8.79,-0.84,24.28,-1.53,68.85
3.310,-115.00,-290.66,42.80,9.83,16.43,-10.05,24.28,-1.53,68.85
3.320,-115.00,-290.66,42.80,9.83,16.43,-10.05,-15.72,-3.53,86.85
3.330,-291.06,-49.28,-66.96,-1.95,18.40,-6.58,-15.72,-3.53,86.85
3.340,-291.06,-49.28,-66.96,-1.95,18.40,-6.58,-5.72,0.47,80.85
3.350,241.62,-385.14,314.44,-5.56,15.81,13.35,-5.72,0.47,80.85
3.360,28.55,-290.30,-504.72,16.48,-20.95,-9.16,-9.72,-0.53,81.85
3.370,28.55,-290.30,-504.72,16.48,-20.95,-9.16,-9.72,-0.53,81.85
3.380,-153.49,-239.60,394.42,12.99,-8.93,15.85,4.28,-4.53,85.85
3.390,359.24,-336.66,354.02,-18.46,-6.74,15.85,4.28,-4.53,85.85
3.400,359.24,-336.66,354.02,-18.46,-6.74,15.85,0.28,25.48,86.85
3.410,318.83,310.70,314.64,-9.16,18.63,18.25,0.28,25.48,86.85
3.420,318.83,310.70,314.64,-9.16,18.63,18.25,0.28,-0.53,88.85
3.430,-155.75,352.62,323.10,-5.69,1.32,-4.89,0.28,-0.53,88.85
3.440,10.62,59.90,394.34,-16.15,-6.88,15.85,-21.72,6.47,77.85
3.450,10.62,59.90,394.34,-16.15,-6.88,15.85,-21.72,6.47,77.85
3.460,-132.71,235.02,-259.02,-9.15,18.62,-19.13,-25.72,-4.53,72.85
3.470,359.24,390.48,-120.60,11.12,-21.02,13.57,-25.72,-4.53,72.85
3.480,359.24,390.48,-120.60,11.12,-21.02,13.57,16.28,-4.53,82.85
3.490,359.44,-337.70,358.02,13.07,-20.44,-6.97,16.28,-4.53,82.85
3.500,410.44,-265.80,-41.20,-37.84,10.18,-16.41,-5.72,5.47,71.85
3.510,410.44,-265.80,-41.20,-37.84,10.18,-16.41,-5.72,5.47,71.85
3.520,359.24,-385.30,313.48,18.75,18.48,-6.45,-3.72,-2.53,81.85
3.530,359.24,-385.30,313.48,18.75,18.48,-6.45,-3.72,-2.53,81.85
3.540,283.07,394.14,-100.56,18.53,-16.35,-9.03,-19.72,6.47,101.85
3.550,-294.20,-103.88,440.50,-16.19,-6.74,-16.18,-19.72,6.47,101.85
3.560,-294.20,-103.88,440.50,-16.19,-6.74,-16.18,0.28,-2.53,93.85
3.570,-276.26,16.40,-4.72,13.00,-8.94,15.59,0.28,-2.53,93.85
3.580,-377.25,279.06,324.88,-8.26,18.62,18.26,24.28,5.47,97.85
3.590,-247.91,-165.20,107.92,12.94,16.35,-16.57,14.28,8.47,67.85
3.600,-284.49,-116.40,450.74,16.58,-6.25,16.35,14.28,8.47,67.85
3.610,-284.49,-116.40,450.74,16.58,-6.25,16.35,14.28,8.47,67.85
3.620,373.88,321.26,430.86,-14.02,16.35,15.63,-7.72,6.47,87.85
3.630,-133.19,393.66,323.54,-5.56,26.83,16.20,-7.72,6.47,87.85
3.640,-133.19,393.66,323.54,-5.56,26.83,16.20,6.28,14.47,106.85
3.650,400.19,-295.46,-97.88,-15.28,-18.01,-0.30,6.28,14.47,106.85
3.660,400.19,-295.46,-97.88,-15.28,-18.01,-0.30,-9.72,4.47,90.85
3.670,502.71,-292.66,313.52,-5.58,18.37,12.23,-13.72,18.48,73.85
3.680,291.95,280.30,435.94,-13.70,-9.83,15.85,-13.72,18.48,73.85
3.690,291.95,280.30,435.94,-13.70,-9.83,15.85,-13.72,18.48,73.85
3.700,-45.24,-377.52,-56.80,19.05,15.91,-9.03,0.28,5.47,82.85
3.710,-240.37,-296.90,316.90,-19.83,-18.98,16.21,0.28,5.47,82.85
3.720,-240.37,-296.90,316.90,-19.83,-18.98,16.21,2.28,7.47,98.85
3.730,359.24,277.82,-98.00,16.48,-14.87,14.03,2.28,7.47,98.85
3.740,359.24,277.82,-98.00,16.48,-14.87,14.03,36.28,18.48,79.85
3.750,-153.50,347.50,439.78,18.49,13.79,-14.52,36.28,18.48,79.85
3.760,-153.66,347.58,437.52,-9.27,18.62,-14.52,24.28,-8.53,62.85
3.770,-153.66,347.58,437.52,-9.27,18.62,-14.52,24.28,-8.53,62.85
3.780,-276.08,26.68,104.20,0.11,16.42,-9.14,38.28,-0.53,77.85
3.790,7.54,511.62,-207.82,-8.26,-4.67,13.58,38.28,-0.53,77.85
3.800,7.54,511.62,-207.82,-8.26,-4.67,13.58,20.28,-15.53,68.85
3.810,10.34,-3.94,-599.44,19.05,16.42,-10.03,20.28,-15.53,68.85
3.820,10.34,-3.94,-599.44,19.05,16.42,-10.03,40.28,-15.53,99.85
3.830,-317.35,-331.40,445.54,18.82,12.32,16.14,40.28,-15.53,99.85
3.840,-274.85,-93.64,104.72,2.12,-15.97,14.54,10.28,18.48,81.85
3.850,-274.85,-93.64,104.72,2.12,-15.97,14.54,10.28,18.48,81.85
3.860,-324.73,-167.48,43.12,-1.44,15.65,-9.03,24.28,-1.53,89.85
3.870,-249.44,-296.74,-249.26,-7.12,9.16,11.89,24.28,-1.53,89.85
3.880,-249.44,-296.74,-249.26,-7.12,9.16,11.89,28.28,6.47,72.85
3.890,364.36,277.98,-100.56,1.97,1.45,-21.94,28.28,6.47,72.85
3.900,364.36,277.98,-100.56,1.97,1.45,-21.94,8.28,-0.53,95.85
3.910,69.31,-11.42,63.76,-17.36,-16.11,-18.36,8.28,-0.53,95.85
3.920,-76.75,388.54,-346.06,-8.14,15.81,12.08,14.28,12.47,75.85
3.930,-76.75,388.54,-346.06,-8.14,15.81,12.08,14.28,12.47,75.85
3.940,371.39,-147.44,435.38,12.49,-9.84,15.59,6.28,-4.53,67.85
3.950,-254.44,362.22,406.76,-8.27,-18.15,8.94,6.28,-4.53,67.85
3.960,-254.44,362.22,406.76,-8.27,-18.15,8.94,10.28,4.47,78.85
3.970,543.67,313.72,-118.36,4.41,-18.14,15.85,10.28,4.47,78.85
3.980,543.67,313.72,-118.36,4.41,-18.14,15.85,4.28,15.47,71.85
3.990,-359.14,308.46,446.16,-9.29,18.63,-15.10,4.28,15.47,71.85
4.000,411.92,-123.88,43.28,15.30,-18.16,-0.84,20.28,11.47,82.85
4.010,411.92,-123.88,43.28,15.30,-18.16,-0.84,20.28,11.47,82.85
4.020,31.75,-303.38,-219.42,-13.63,-18.42,-6.20,0.28,7.47,83.85
4.030,-317.55,403.82,-248.58,-9.14,9.16,18.20,0.28,7.47,83.85
4.040,-317.55,403.82,-248.58,-9.14,9.16,18.20,4.28,12.47,80.85
4.050,-376.12,-147.44,445.54,-19.74,-6.38,-16.32,4.28,12.47,80.85
4.060,-376.12,-147.44,445.54,-19.74,-6.38,-16.32,16.28,7.47,96.85
4.070,-253.25,-165.34,399.70,-15.68,-8.94,15.59,16.28,7.47,96.85
4.080,359.24,-387.60,-120.76,16.48,-14.30,-9.16,16.28,3.47,93.85
4.090,359.24,-387.60,-120.76,16.48,-14.30,-9.16,16.28,3.47,93.85
4.100,405.31,-387.76,-98.00,19.31,13.79,-18.68,0.28,12.47,86.85
4.110,-335.75,-93.64,63.72,-15.43,-18.03,-18.35,0.28,12.47,86.85
4.120,-335.75,-93.64,63.72,-15.43,-18.03,-18.35,30.28,-6.53,98.85
4.130,-240.53,389.34,-332.28,-9.14,-4.42,-18.69,30.28,-6.53,98.85
4.140,-240.53,389.34,-332.28,-9.14,-4.42,-18.69,20.28,-15.53,93.85
4.150,329.00,-147.28,107.90,19.15,-8.80,-14.15,22.28,16.48,77.85
4.160,10.13,352.70,-258.84,-8.14,18.11,-16.59,22.28,16.48,77.85
4.170,10.13,352.70,-258.84,-8.14,18.11,-16.59,6.28,5.47,91.85
4.180,-132.91,347.78,314.34,19.26,16.04,18.37,6.28,5.47,91.85
4.190,-286.61,-382.60,-97.88,2.12,-15.96,-18.22,6.28,5.47,91.85
4.200,-286.61,-382.60,-97.88,2.12,-15.96,-18.22,24.28,5.47,95.85
4.210,-401.50,-106.16,445.62,16.59,-8.81,15.85,24.28,5.47,95.85
4.220,-401.50,-106.16,445.62,16.59,-8.81,15.85,22.28,-2.53,89.85
4.230,52.23,266.30,396.98,-5.71,15.81,-15.06,22.28,-2.53,89.85
4.240,359.24,318.70,439.78,-18.11,-14.81,-9.16,10.28,2.47,95.85
4.250,359.24,318.70,439.78,-18.11,-14.81,-9.16,10.28,2.47,95.85
4.260,-112.22,-328.88,45.52,15.44,-1.76,-0.83,-25.72,12.47,78.85
4.270,-250.12,-266.18,-217.86,-9.28,-0.56,11.59,-25.72,12.47,78.85
4.280,-250.12,-266.18,-217.86,-9.28,-0.56,11.59,32.28,19.48,87.85
4.290,-333.50,-344.18,357.86,16.00,-20.45,-9.03,32.28,19.48,87.85
4.300,402.04,399.14,-118.04,-3.74,-14.37,-10.16,2.28,-0.53,85.85
4.310,356.04,-93.68,-281.84,-15.31,9.16,16.17,2.28,-0.53,85.85
4.320,-112.70,388.54,324.66,-8.14,-16.11,18.15,24.28,2.47,84.85
4.330,-112.70,388.54,324.66,-8.14,-16.11,18.15,24.28,2.47,84.85
4.340,-276.55,19.00,450.66,16.58,-6.25,15.59,8.28,-4.53,80.85
4.350,359.24,-264.98,-205.18,12.49,-9.96,26.61,8.28,-4.53,80.85
4.360,359.24,-264.98,-205.18,12.49,-9.96,26.61,18.28,-9.53,96.85
4.370,370.27,-344.34,367.28,-14.21,-6.24,18.40,18.28,-9.53,96.85
4.380,370.27,-344.34,367.28,-14.21,-6.24,18.40,28.28,3.47,74.85
4.390,-376.12,-167.60,404.58,-19.87,-16.42,16.14,28.28,3.47,74.85
4.400,69.02,347.50,-208.94,-5.56,1.43,-0.97,12.28,-6.53,70.85
4.410,69.02,347.50,-208.94,-5.56,1.43,-0.97,12.28,-6.53,70.85
4.420,-155.91,-628.20,-282.04,0.07,10.18,-16.45,12.28,-1.53,77.85
4.430,-711.75,20.10,354.26,18.56,-18.46,12.08,12.28,-1.53,77.85
4.440,-711.75,20.10,354.26,18.56,-18.46,12.08,10.28,-12.53,79.85
4.450,-135.59,224.90,-259.02,-6.08,-0.60,8.94,10.28,-12.53,79.85
4.460,-135.59,224.90,-259.02,-6.08,-0.60,8.94,12.28,4.47,78.85
4.470,-153.19,-10.82,313.30,-5.32,16.07,-15.06,12.28,4.47,78.85
4.480,-377.56,-147.40,399.54,14.54,-8.92,-1.35,6.28,13.47,83.85
4.490,-377.56,-147.40,399.54,14.54,-8.92,-1.35,6.28,13.47,83.85
4.500,31.75,-377.34,-118.48,18.53,-16.73,-14.88,22.28,-17.52,77.85
4.510,-317.56,-329.22,281.86,17.09,-6.74,-0.84,22.28,-17.52,77.85
4.520,-317.56,-329.22,281.86,17.09,-6.74,-0.84,12.28,7.47,72.85
4.530,281.88,348.38,313.14,-19.80,-6.12,-4.64,12.28,7.47,72.85
4.540,281.88,348.38,313.14,-19.80,-6.12,-4.64,14.28,-13.53,85.85
4.550,-319.79,347.58,446.18,14.98,18.39,-9.14,14.28,-13.53,85.85
4.560,-133.87,204.30,-342.06,18.55,-8.93,2.74,6.28,0.47,80.85
4.570,-133.87,204.30,-342.06,18.55,-8.93,2.74,6.28,0.47,80.85
4.580,-135.78,388.54,-338.30,-15.55,12.27,-6.45,1.28,2.47,102.85
4.590,-135.59,19.16,107.28,19.04,-20.69,-10.03,1.28,2.47,102.85
4.600,-135.59,19.16,107.28,19.04,-20.69,-10.03,10.28,10.47,95.85
4.610,410.36,359.96,-118.36,-17.46,-38.00,9.96,10.28,10.47,95.85
4.620,410.36,359.96,-118.36,-17.46,-38.00,9.96,8.28,-6.53,83.85
4.630,-132.72,158.34,-288.86,15.15,11.23,-6.32,8.28,-6.53,83.85
4.640,185.19,-389.06,396.50,-8.12,17.86,11.53,12.28,2.47,58.85
4.650,185.19,-389.06,396.50,-8.12,17.86,11.53,12.28,2.47,58.85
4.660,335.57,398.70,324.68,-5.71,15.82,-15.02,4.28,4.47,78.85
4.670,69.02,60.38,56.08,-17.46,14.61,-16.33,4.28,4.47,78.85
4.680,69.02,60.38,56.08,-17.46,14.61,-16.33,19.28,-6.53,79.85
4.690,-266.12,280.30,324.68,-8.13,24.01,12.14,19.28,-6.53,79.85
4.700,-266.12,280.30,324.68,-8.13,24.01,12.14,14.28,-11.53,72.85
4.710,410.36,403.18,-215.58,12.97,-6.23,-16.30,14.28,-11.53,72.85
4.720,410.36,390.02,-77.40,-15.30,-15.98,18.15,32.28,-11.53,88.85
4.730,410.36,390.02,-77.40,-15.30,-15.98,18.15,32.28,-11.53,88.85
4.740,282.36,-303.38,-224.54,19.26,13.98,-19.20,19.28,-3.53,82.85
4.750,-84.61,-157.64,394.58,16.58,-6.76,19.69,19.28,-3.53,82.85
4.760,-84.61,-157.64,394.58,16.58,-6.76,19.69,30.28,-7.53,73.85
4.770,329.88,-126.60,399.74,-15.67,-8.81,1.23,30.28,-7.53,73.85
4.780,329.88,-126.60,399.74,-15.67,-8.81,1.23,-0.72,-7.53,111.85
4.790,365.83,-124.40,445.54,14.65,-20.51,11.60,-0.72,-7.53,111.85
4.800,331.63,349.70,-100.60,19.04,11.81,-9.01,7.28,-9.53,75.85
4.810,331.63,349.70,-100.60,19.04,11.81,-9.01,7.28,-9.53,75.85
4.820,-135.75,-124.70,-243.82,9.83,-20.95,-9.14,-2.72,-9.53,75.85
4.830,-75.12,-3.92,394.42,18.56,-6.36,-33.22,-2.72,-9.53,75.85
4.840,-75.12,-3.92,394.42,18.56,-6.36,-33.22,24.28,-21.52,83.85
4.850,-243.53,-123.90,-240.92,-0.08,17.86,-16.57,24.28,-21.52,83.85
4.860,-243.53,-123.90,-240.92,-0.08,17.86,-16.57,23.28,-22.52,92.85
4.870,-153.25,-328.72,-663.64,-17.35,1.45,8.43,23.28,-22.52,92.85
4.880,-253.76,-126.44,63.72,-1.44,-14.37,-10.16,16.28,4.47,90.85
4.890,-253.76,-126.44,63.72,-1.44,-14.37,-10.16,16.28,4.47,90.85
4.900,-319.76,-329.20,-10.06,16.62,-6.89,18.15,16.28,-6.53,87.85
4.910,289.48,-165.44,107.28,0.11,-18.97,-19.32,16.28,-6.53,87.85
4.920,289.48,-165.44,107.28,0.11,-18.97,-19.32,11.28,-4.53,78.85
4.930,-102.36,91.14,276.80,15.17,15.94,-6.59,11.28,-4.53,78.85
4.940,-102.36,91.14,276.80,15.17,15.94,-6.59,19.28,4.47,80.85
4.950,-153.72,352.70,-259.00,-6.08,16.07,-18.61,19.28,4.47,80.85
4.960,-245.65,403.34,-248.58,-9.14,16.06,18.25,28.28,-7.53,105.85
4.970,-245.65,403.34,-248.58,-9.14,16.06,18.25,28.28,-7.53,105.85
4.980,-84.39,-331.56,-602.36,-17.36,1.30,-4.63,10.28,-11.53,83.85
4.990,31.75,-388.90,-223.74,-7.24,15.81,15.69,10.28,-11.53,83.85
5.000,31.75,-388.90,-223.74,-7.24,15.81,15.69,42.28,12.47,72.85
5.010,405.24,-252.18,-290.26,-6.60,18.62,-15.29,42.28,12.47,72.85
5.020,405.24,-252.18,-290.26,-6.60,18.62,-15.29,12.28,-7.53,106.85
5.030,359.24,-378.78,-256.54,-20.22,16.43,-9.13,12.28,-7.53,106.85
5.040,361.33,-147.24,-8.24,2.00,-2.11,17.60,4.28,-3.53,75.85
5.050,361.33,-147.24,-8.24,2.00,-2.11,17.60,4.28,-3.53,75.85
5.060,290.71,330.34,-215.42,-19.85,-6.24,18.40,2.28,-6.53,84.85
5.070,-317.19,235.06,-338.46,12.99,-8.93,15.59,2.28,-6.53,84.85
5.080,-317.19,235.06,-338.46,12.99,-8.93,15.59,27.28,-13.53,84.85
5.090,-153.22,-290.48,445.62,12.48,-8.92,-0.78,27.28,-13.53,84.85
5.100,-153.22,-290.48,445.62,12.48,-8.92,-0.78,4.28,-7.53,106.85
5.110,-278.94,-290.32,370.92,15.43,15.82,-20.75,4.28,-7.53,106.85
5.120,400.19,306.06,-297.50,12.42,16.08,-14.52,3.28,12.47,79.85
5.130,400.19,306.06,-297.50,12.42,16.08,-14.52,3.28,12.47,79.85
5.140,71.58,60.24,261.38,12.49,-9.95,17.89,8.28,4.47,85.85
5.150,278.81,-96.20,440.50,-14.14,-9.84,15.84,-11.72,4.47,90.85
5.160,278.81,-96.20,440.50,-14.14,-9.84,15.84,-11.72,4.47,90.85
5.170,28.38,347.50,-290.86,14.47,18.44,-8.12,-11.72,4.47,90.85
5.180,28.38,347.50,-290.86,14.47,18.44,-8.12,10.28,-5.53,81.85
5.190,-365.87,-144.56,435.38,16.58,-8.92,-1.97,10.28,-5.53,81.85
5.200,405.31,349.68,-97.84,-15.43,14.62,-0.79,16.28,-19.52,106.85
5.210,405.31,349.68,-97.84,-15.43,14.62,-0.79,16.28,-19.52,106.85
5.220,319.07,389.18,-46.84,9.32,-20.96,-9.16,-6.72,-2.53,83.85
5.230,-278.99,61.08,-210.46,18.86,-7.25,9.96,-6.72,-2.53,83.85
5.240,-278.99,61.08,-210.46,18.86,-7.25,9.96,15.28,-5.53,98.85
5.250,-135.47,347.58,407.24,-6.21,-9.84,15.60,15.28,-5.53,98.85
5.260,-135.47,347.58,407.24,-6.21,-9.84,15.60,15.28,-0.53,110.85
5.270,72.72,358.46,-219.42,-20.16,11.93,-15.09,15.28,-0.53,110.85
5.280,-364.56,348.38,-269.26,-5.56,16.06,-18.62,11.28,5.47,106.85
5.290,-364.56,348.38,-269.26,-5.56,16.06,-18.62,11.28,5.47,106.85
5.300,236.79,-103.60,558.46,-15.73,18.40,13.58,4.28,-13.53,76.85
5.310,359.39,-378.82,-259.02,-8.25,-0.60,1.09,4.28,-13.53,76.85
5.320,359.39,-378.82,-259.02,-8.25,-0.60,1.09,1.28,-17.52,88.85
5.330,1.03,-337.86,446.42,-5.57,-18.01,14.54,1.28,-17.52,88.85
5.340,1.03,-337.86,446.42,-5.57,-18.01,14.54,-6.72,-10.53,88.85
5.350,-319.90,352.90,435.94,-13.70,17.83,-14.78,-6.72,-10.53,88.85
5.360,359.44,359.76,-120.60,19.04,12.07,-9.14,19.28,-11.53,82.85
5.370,359.44,359.76,-120.60,19.04,12.07,-9.14,19.28,-11.53,82.85
5.380,-153.34,398.86,314.44,-8.13,-9.97,-16.19,26.28,6.47,102.85
5.390,-294.05,-106.48,399.54,-19.76,-6.74,-1.98,26.28,6.47,102.85
5.400,-294.05,-106.48,399.54,-19.76,-6.74,-1.98,-7.72,-14.53,85.85
5.410,-296.69,-388.34,-77.58,-15.42,16.06,-20.65,-7.72,-14.53,85.85
5.420,-296.69,-388.34,-77.58,-15.42,16.06,-20.65,13.28,0.47,77.85
5.430,-319.90,-626.12,435.38,17.03,-6.23,-0.78,13.28,0.47,77.85
5.440,400.92,-298.10,-345.86,-9.15,16.06,12.11,17.28,-6.53,86.85
5.450,400.92,-298.10,-345.86,-9.15,16.06,12.11,17.28,-6.53,86.85
5.460,-375.93,-103.92,271.62,13.12,-20.44,-9.14,15.28,-6.53,99.85
5.470,361.33,-144.52,394.42,12.94,-6.38,0.19,15.28,-6.53,99.85
5.480,361.33,-144.52,394.42,12.94,-6.38,0.19,16.28,5.47,105.85
5.490,-135.32,-10.82,440.84,-8.27,18.37,-14.52,16.28,5.47,105.85
5.500,-135.32,-10.82,440.84,-8.27,18.37,-14.52,3.28,-21.52,107.85
5.510,-634.99,516.70,313.14,-19.83,-6.38,15.59,3.28,-21.52,107.85
5.520,-332.69,277.98,-59.64,18.53,12.36,-7.09,2.28,-50.52,77.85
5.530,-332.69,277.98,-59.64,18.53,12.36,-7.09,2.28,-50.52,77.85
5.540,410.36,278.00,-98.00,9.84,11.75,-19.13,-3.72,-8.53,114.85
5.550,30.66,19.48,373.02,-15.44,-0.74,-0.95,-3.72,-8.53,114.85
5.560,30.66,19.48,373.02,-15.44,-0.74,-0.95,-5.72,5.47,111.85
5.570,-326.29,267.60,-100.56,16.48,-20.44,-10.03,-5.72,5.47,111.85
5.580,-326.29,267.60,-100.56,16.48,-20.44,-10.03,6.28,3.47,95.85
5.590,-726.11,400.62,-291.10,16.70,12.20,15.69,6.28,3.47,95.85
5.600,-245.12,-267.54,439.46,-20.16,-21.02,-20.66,-4.72,-38.52,72.85
5.610,-245.12,-267.54,439.46,-20.16,-21.02,-20.66,-4.72,-38.52,72.85
5.620,-375.49,-103.92,276.78,-16.25,18.40,-15.02,16.28,-29.52,76.85
5.630,-153.41,357.74,-331.22,-6.60,0.46,-15.06,16.28,-29.52,76.85
5.640,-153.41,357.74,-331.22,-6.60,0.46,-15.06,3.28,-39.52,81.85
5.650,-153.71,-290.48,445.54,-14.21,-6.24,15.86,3.28,-39.52,81.85
5.660,-153.71,-290.48,445.54,-14.21,-6.24,15.86,0.28,-5.53,90.85
5.670,-335.25,302.22,-46.32,0.07,-0.57,11.59,0.28,-5.53,90.85
5.680,364.51,-347.38,-80.08,-1.08,1.31,18.40,11.28,3.47,89.85
5.690,364.51,-347.38,-80.08,-1.08,1.31,18.40,11.28,3.47,89.85
5.700,370.27,-95.88,106.80,-17.36,-0.56,15.69,14.28,-8.53,94.85
5.710,-312.38,-167.88,394.34,17.09,-9.95,16.11,14.28,-8.53,94.85
5.720,-312.38,-167.88,394.34,17.09,-9.95,16.11,-3.72,4.47,99.85
5.730,-377.40,-388.90,-283.38,-14.15,-16.85,-9.02,-3.72,4.47,99.85
5.740,-377.40,-388.90,-283.38,-14.15,-16.85,-9.02,-5.72,0.47,83.85
5.750,-283.94,-147.24,25.98,-13.69,18.41,-6.46,-5.72,0.47,83.85
5.760,-365.05,-106.34,404.58,-14.21,-16.35,-6.46,-6.72,17.48,78.85
5.770,-365.05,-106.34,404.58,-14.21,-16.35,-6.46,-6.72,17.48,78.85
5.780,28.52,347.78,-301.18,14.96,-6.23,14.52,17.28,-29.52,98.85
5.790,290.04,-124.40,399.46,-19.76,-8.94,-8.11,17.28,-29.52,98.85
5.800,290.04,-124.40,399.46,-19.76,-8.94,-8.11,7.28,-25.52,91.85
5.810,246.68,-255.40,-46.52,-15.44,6.35,-14.96,7.28,-25.52,91.85
5.820,246.68,-255.40,-46.52,-15.44,6.35,-14.96,31.28,-7.53,88.85
5.830,-376.64,-123.90,106.94,9.83,-14.62,18.19,31.28,-7.53,88.85
5.840,-153.34,398.78,309.50,-9.14,-16.11,3.91,4.28,-26.52,99.85
5.850,-153.34,398.78,309.50,-9.14,-16.11,3.91,4.28,-26.52,99.85
5.860,-92.28,362.94,450.18,14.97,-7.77,15.86,15.28,-11.53,85.85
5.870,-283.76,-167.88,261.38,15.17,15.85,-20.72,15.28,-11.53,85.85
5.880,-283.76,-167.88,261.38,15.17,15.85,-20.72,-9.72,-9.53,114.85
5.890,-294.00,-167.92,-282.36,-27.98,15.81,-17.08,-9.72,-9.53,114.85
5.900,-294.00,-167.92,-282.36,-27.98,15.81,-17.08,12.28,-0.53,103.85
5.910,292.12,359.90,-97.72,18.79,-21.01,-15.03,12.28,-0.53,103.85
5.920,327.80,-347.34,-69.68,-17.35,1.48,-14.58,13.28,31.48,89.85
5.930,327.80,-347.34,-69.68,-17.35,1.48,-14.58,13.28,31.48,89.85
5.940,-276.44,158.26,364.38,-19.80,-7.78,4.05,-4.72,-35.52,56.85
5.950,-319.90,199.30,405.46,-15.74,18.46,-14.59,-4.72,-35.52,56.85
5.960,-319.90,199.30,405.46,-15.74,18.46,-14.59,15.28,-17.52,86.85
5.970,370.27,-93.32,399.70,-15.55,-16.27,17.89,15.28,-17.52,86.85
5.980,370.27,-93.32,399.70,-15.55,-16.27,17.89,-4.72,-22.52,96.85
5.990,-294.00,-147.12,63.28,2.12,10.18,-20.53,-4.72,-22.52,96.85
6.000,-278.70,6.16,450.66,12.49,-9.81,15.59,9.28,-6.53,80.85
6.010,-278.70,6.16,450.66,12.49,-9.81,15.59,9.28,-6.53,80.85
6.020,31.75,359.32,-41.36,0.56,-18.03,-0.95,-0.72,-23.52,96.85
6.030,-279.17,398.78,-297.34,14.98,15.85,12.14,-0.72,-23.52,96.85
6.040,-279.17,398.78,-297.34,14.98,15.85,12.14,5.28,-26.52,106.85
6.050,7.78,6.68,281.86,-19.84,-15.14,-6.46,5.28,-26.52,106.85
6.060,7.78,6.68,281.86,-19.84,-15.14,-6.46,4.28,6.47,88.85
6.070,410.36,-260.22,-69.38,-33.20,9.67,-14.59,4.28,6.47,88.85
6.080,-278.67,-3.60,107.90,12.94,-6.37,18.15,-2.72,-5.53,90.85
6.090,-278.67,-3.60,107.90,12.94,-6.37,18.15,-2.72,-5.53,90.85
6.100,415.56,399.34,439.94,-20.28,-9.84,15.85,-0.72,1.47,88.85
6.110,72.72,389.98,-66.80,0.95,15.81,17.77,-0.72,1.47,88.85
6.120,72.72,389.98,-66.80,0.95,15.81,17.77,2.28,0.47,92.85
6.130,-130.34,557.62,-248.74,-9.29,1.48,-14.39,2.28,0.47,92.85
6.140,-130.34,557.62,-248.74,-9.29,1.48,-14.39,-0.72,8.47,106.85
6.150,359.24,-305.22,-46.48,-15.44,1.45,-18.19,-0.72,8.47,106.85
6.160,-317.56,352.70,354.02,-20.13,12.32,-9.03,1.28,4.47,82.85
6.170,-317.56,352.70,354.02,-20.13,12.32,-9.03,1.28,4.47,82.85
6.180,333.07,399.46,364.50,14.53,-9.96,1.08,2.28,-5.53,96.85
6.190,-153.34,347.74,323.38,-5.71,-0.72,-28.73,2.28,-5.53,96.85
6.200,-153.34,347.74,323.38,-5.71,-0.72,-28.73,-9.72,-36.52,90.85
6.210,-84.06,57.68,435.38,18.76,-14.94,-14.58,-9.72,-36.52,90.85
6.220,-84.06,57.68,435.38,18.76,-14.94,-14.58,11.28,-13.53,92.85
6.230,-242.78,-144.90,445.62,19.11,-7.91,-2.59,11.28,-13.53,92.85
6.240,401.00,-389.06,436.02,-5.68,-18.13,15.59,-5.72,8.47,94.85
6.250,401.00,-389.06,436.02,-5.68,-18.13,15.59,-5.72,8.47,94.85
6.260,-317.38,214.68,-215.22,-16.47,-7.77,9.96,-0.72,-34.52,82.85
6.270,-276.11,-72.70,-121.06,-15.43,-0.06,18.18,-0.72,-34.52,82.85
6.280,-276.11,-72.70,-121.06,-15.43,-0.06,18.18,-1.72,-26.52,107.85
6.290,-294.20,-144.68,46.46,12.88,-16.61,-9.03,-1.72,-26.52,107.85
6.300,-294.20,-144.68,46.46,12.88,-16.61,-9.03,0.28,19.48,88.85
6.310,289.63,-147.44,435.54,-19.65,15.91,-10.17,0.28,19.48,88.85
6.320,-94.36,403.82,-253.86,-9.16,1.48,-18.49,20.28,-29.52,92.85
6.330,-94.36,403.82,-253.86,-9.16,1.48,-18.49,20.28,-29.52,92.85
6.340,-133.19,204.30,-331.82,18.56,18.40,-10.18,-3.72,8.47,77.85
6.350,-337.64,390.62,-98.00,16.48,12.27,15.70,-3.72,8.47,77.85
6.360,-337.64,390.62,-98.00,16.48,12.27,15.70,10.28,10.47,114.85
6.370,41.88,312.10,-67.34,-8.78,-0.62,23.79,10.28,10.47,114.85
6.380,41.88,312.10,-67.34,-8.78,-0.62,23.79,14.28,10.47,95.85
6.390,-286.44,264.94,-247.94,-6.09,-4.31,-0.84,14.28,10.47,95.85
6.400,-276.55,388.54,364.50,19.14,-8.81,15.84,-7.72,-14.53,113.85
6.410,-276.55,388.54,364.50,19.14,-8.81,15.84,-7.72,-14.53,113.85
6.420,52.26,-295.62,-100.44,-4.00,-20.50,-20.73,12.28,-7.53,95.85
6.430,-299.32,-147.12,65.80,16.48,-20.83,13.76,12.28,-7.53,95.85
6.440,-299.32,-147.12,65.80,16.48,-20.83,13.76,-4.72,-15.53,89.85
6.450,-251.93,396.90,444.90,18.49,-18.97,12.04,-4.72,-15.53,89.85
6.460,-251.93,396.90,444.90,18.49,-18.97,12.04,4.28,9.47,102.85
6.470,359.24,-303.22,-341.50,-7.22,-0.75,-0.83,4.28,9.47,102.85
6.480,69.06,224.78,-248.62,-8.14,-0.56,15.62,-21.72,-1.53,82.85
6.490,69.06,224.78,-248.62,-8.14,-0.56,15.62,-21.72,-1.53,82.85
6.500,-79.11,19.28,107.12,16.74,-21.03,-8.01,-1.72,0.47,92.85
6.510,415.56,-295.40,-97.72,19.04,11.82,-9.15,-1.72,0.47,92.85
6.520,415.56,-295.40,-97.72,19.04,11.82,-9.15,23.28,4.47,94.85
6.530,-82.03,352.62,427.90,-5.56,8.65,-16.63,23.28,4.47,94.85
6.540,-82.03,352.62,427.90,-5.56,8.65,-16.63,-9.72,-17.52,106.85
6.550,400.12,349.68,-120.76,2.10,-15.97,-16.20,-9.72,-17.52,106.85
6.560,369.39,-264.70,-118.04,6.76,16.54,-19.45,21.28,-11.53,105.85
6.570,369.39,-264.70,-118.04,6.76,16.54,-19.45,21.28,-11.53,105.85
6.580,-336.76,-147.28,42.74,19.05,11.93,17.80,-6.72,-4.53,111.85
6.590,-92.22,388.46,-331.98,-20.35,-6.38,18.41,-6.72,-4.53,111.85
6.600,-92.22,388.46,-331.98,-20.35,-6.38,18.41,4.28,1.47,93.85
6.610,317.71,317.50,-41.56,0.96,1.43,18.40,4.28,1.47,93.85
6.620,317.71,317.50,-41.56,0.96,1.43,18.40,-2.72,3.47,117.85
6.630,-283.96,-144.52,445.54,-14.14,-9.84,17.64,-2.72,3.47,117.85
6.640,-81.83,-328.84,-282.36,-17.36,1.43,9.96,-1.72,-2.53,107.85
6.650,-81.83,-328.84,-282.36,-17.36,1.43,9.96,-1.72,-2.53,107.85
6.660,-377.69,277.98,-100.12,16.74,18.09,-20.66,-4.72,-2.53,78.85
6.670,364.36,267.76,-98.04,-17.47,1.32,-11.57,-4.72,-2.53,78.85
6.680,364.36,267.76,-98.04,-17.47,1.32,-11.57,1.28,7.47,87.85
6.690,-132.91,16.88,104.52,1.99,-0.56,11.59,1.28,7.47,87.85
6.700,-132.91,16.88,104.52,1.99,-0.56,11.59,3.28,5.47,84.85
6.710,-276.06,516.70,-291.34,-18.29,-6.25,-34.63,3.28,5.47,84.85
6.720,164.75,311.18,390.38,-5.44,18.63,17.76,0.28,-8.53,82.85
6.730,164.75,311.18,390.38,-5.44,18.63,17.76,0.28,-8.53,82.85
6.740,46.35,359.96,-97.68,16.48,13.99,17.87,1.28,-7.53,98.85
6.750,-319.62,-290.48,63.28,-17.33,9.67,-21.24,1.28,-7.53,98.85
6.760,-319.62,-290.48,63.28,-17.33,9.67,-21.24,-15.72,-9.53,107.85
6.770,-156.10,-15.94,-291.34,-8.25,15.81,-20.66,-15.72,-9.53,107.85
6.780,-156.10,-15.94,-291.34,-8.25,15.81,-20.66,-9.72,4.47,86.85
6.790,-375.90,-147.12,445.82,-13.95,-15.14,-14.39,-9.72,4.47,86.85
6.800,364.36,306.94,-120.94,3.65,15.81,-18.07,7.28,-4.53,82.85
6.810,364.36,306.94,-120.94,3.65,15.81,-18.07,7.28,-4.53,82.85
6.820,415.48,319.00,-118.04,-9.15,-12.00,-34.23,9.28,0.47,85.85
6.830,30.66,-288.10,-243.44,-17.46,-34.02,26.35,9.28,0.47,85.85
6.840,30.66,-288.10,-243.44,-17.46,-34.02,26.35,-12.72,-8.53,94.85
6.850,-325.00,-348.18,-46.80,2.12,1.31,18.15,-12.72,-8.53,94.85
6.860,-325.00,-348.18,-46.80,2.12,1.31,18.15,-7.72,6.47,81.85
6.870,-279.00,-3.60,312.70,17.10,-9.84,18.40,-7.72,6.47,81.85
6.880,318.83,-88.38,370.46,-17.46,18.37,14.27,-1.72,-12.53,81.85
6.890,318.83,-88.38,370.46,-17.46,18.37,14.27,-1.72,-12.53,81.85
6.900,-317.06,-331.76,394.34,12.63,-16.12,-8.01,-0.72,4.47,92.85
6.910,313.71,399.30,-121.04,19.04,-16.86,-9.16,-0.72,4.47,92.85
6.920,313.71,399.30,-121.04,19.04,-16.86,-9.16,-4.72,-25.52,110.85
6.930,-153.66,57.52,281.90,14.53,-18.47,-15.11,-4.72,-25.52,110.85
6.940,-153.66,57.52,281.90,14.53,-18.47,-15.11,-0.72,-17.52,91.85
6.950,364.36,267.58,-121.04,16.48,11.55,-10.16,-0.72,-17.52,91.85
6.960,397.63,-157.52,66.96,-17.60,17.64,14.09,-1.72,1.47,80.85
6.970,397.63,-157.52,66.96,-17.60,17.64,14.09,-1.72,1.47,80.85
6.980,241.51,-384.66,-208.30,-7.10,0.40,0.20,6.28,-2.53,95.85
6.990,329.07,393.10,324.10,-7.24,16.07,17.67,6.28,-2.53,95.85
7.000,329.07,393.10,324.10,-7.24,16.07,17.67,-11.72,-10.53,81.85
7.010,402.04,280.94,-340.94,-9.15,16.32,-15.21,-11.72,-10.53,81.85
7.020,402.04,280.94,-340.94,-9.15,16.32,-15.21,5.28,-9.53,91.85
7.030,-84.42,61.06,364.02,-8.27,18.37,11.71,5.28,-9.53,91.85
7.040,-240.37,-305.84,-100.28,10.34,-16.86,-10.18,-12.72,-14.53,98.85
7.050,-240.37,-305.84,-100.28,10.34,-16.86,-10.18,-12.72,-14.53,98.85
7.060,-135.47,347.58,396.36,-6.09,-16.11,1.08,9.28,-10.53,83.85
7.070,246.72,-378.66,-260.26,-20.31,-7.79,9.96,9.28,-10.53,83.85
7.080,246.72,-378.66,-260.26,-20.31,-7.79,9.96,-3.72,2.47,62.85
7.090,-153.71,-287.72,-243.92,18.53,15.91,-10.05,-3.72,2.47,62.85
7.100,-153.71,-287.72,-243.92,18.53,15.91,-10.05,0.28,-27.52,103.85
7.110,-135.49,347.58,-245.66,-14.24,-14.94,-21.05,0.28,-27.52,103.85
7.120,-133.22,61.06,393.86,-20.53,-9.94,1.23,-7.72,-13.53,86.85
7.130,-133.22,61.06,393.86,-20.53,-9.94,1.23,-7.72,-13.53,86.85
7.140,-276.23,-287.92,-284.88,7.02,15.62,-6.34,-13.72,5.47,91.85
7.150,364.36,-377.34,-120.60,-15.29,8.65,-21.14,-13.72,5.47,91.85
7.160,364.36,-377.34,-120.60,-15.29,8.65,-21.14,11.28,12.47,76.85
7.170,31.14,-11.56,56.62,-14.39,-8.93,18.15,11.28,12.47,76.85
7.180,31.14,-11.56,56.62,-14.39,-8.93,18.15,5.28,0.47,104.85
7.190,-244.21,-295.62,-46.52,16.49,-14.30,-10.05,-19.72,18.48,95.85
7.200,-285.25,-93.32,440.66,-16.18,-8.94,-16.33,-19.72,18.48,95.85
7.210,-285.25,-93.32,440.66,-16.18,-8.94,-16.33,-19.72,18.48,95.85
7.220,332.92,-388.68,-340.74,-9.14,15.81,-16.57,-4.72,1.47,72.85
7.230,279.25,-147.40,563.54,19.15,-8.81,17.65,-4.72,1.47,72.85
7.240,279.25,-147.40,563.54,19.15,-8.81,17.65,-8.72,14.47,86.85
7.250,362.39,-266.18,-290.30,-7.22,8.65,12.10,-8.72,14.47,86.85
7.260,362.39,-266.18,-290.30,-7.22,8.65,12.10,-20.72,4.47,69.85
7.270,52.23,399.58,437.30,-8.26,-16.08,-16.33,-20.72,4.47,69.85
7.280,72.73,270.70,449.20,-15.45,-7.77,18.15,-3.72,-13.53,97.85
7.290,72.73,270.70,449.20,-15.45,-7.77,18.15,-3.72,-13.53,97.85
7.300,-293.20,264.94,-263.94,-9.17,18.62,-14.51,-8.72,-3.53,82.85
7.310,-248.62,-88.56,450.66,16.62,-6.77,-1.46,-8.72,-3.53,82.85
7.320,-248.62,-88.56,450.66,16.62,-6.77,-1.46,-14.72,-3.53,91.85
7.330,-135.26,352.86,313.86,-7.09,-16.11,-18.36,-14.72,-3.53,91.85
7.340,-135.26,352.86,313.86,-7.09,-16.11,-18.36,1.28,14.47,101.85
7.350,401.18,-113.64,42.92,-0.97,15.81,-20.67,1.28,14.47,101.85
7.360,69.53,26.84,66.94,-20.35,12.32,-10.04,-4.72,-9.53,70.85
7.370,69.53,26.84,66.94,-20.35,12.32,-10.04,-4.72,-9.53,70.85
7.380,359.88,-307.14,-41.72,-0.08,-2.10,16.14,5.28,-0.53,104.85
7.390,-278.79,214.54,-338.30,19.07,-6.38,-0.95,5.28,-0.53,104.85
7.400,-278.79,214.54,-338.30,19.07,-6.38,-0.95,-5.72,8.47,117.85
7.410,-319.64,-290.30,-282.20,-17.49,-15.96,-18.22,-5.72,8.47,117.85
7.420,-319.64,-290.30,-282.20,-17.49,-15.96,-18.22,-9.72,-22.52,117.85
7.430,324.88,-124.20,-578.84,-15.42,15.82,-21.66,-9.72,-22.52,117.85
7.440,330.44,-165.32,399.70,-14.52,-14.75,11.59,13.28,-7.53,119.85
7.450,330.44,-165.32,399.70,-14.52,-14.75,11.59,13.28,-7.53,119.85
7.460,-276.06,-328.74,106.96,18.53,14.29,-9.15,-14.72,-13.53,101.85
7.470,409.71,306.98,-223.70,-7.25,18.11,12.11,-14.72,-13.53,101.85
7.480,409.71,306.98,-223.70,-7.25,18.11,12.11,-0.72,-16.52,71.85
7.490,-637.07,-62.10,445.98,-9.28,3.63,-18.22,-0.72,-16.52,71.85
7.500,-637.07,-62.10,445.98,-9.28,3.63,-18.22,-2.72,-3.53,86.85
7.510,-91.94,347.50,327.14,18.30,-7.25,15.59,-2.72,-3.53,86.85
7.520,246.68,-374.70,-258.98,-9.16,18.37,11.82,-11.72,12.47,92.85
7.530,246.68,-374.70,-258.98,-9.16,18.37,11.82,-11.72,12.47,92.85
7.540,329.15,-346.82,-118.32,19.29,-18.46,-18.69,18.28,11.47,79.85
7.550,28.05,61.06,-342.06,-15.74,-20.51,17.87,18.28,11.47,79.85
7.560,28.05,61.06,-342.06,-15.74,-20.51,17.87,6.28,-6.53,104.85
7.570,-254.60,261.02,322.02,-19.90,-20.95,-9.14,6.28,-6.53,104.85
7.580,-254.60,261.02,322.02,-19.90,-20.95,-9.14,0.28,-12.53,93.85
7.590,7.75,347.50,-248.76,-8.27,18.64,-19.20,0.28,-12.53,93.85
7.600,-317.19,235.06,-342.22,16.58,-9.95,-18.37,-16.72,10.47,111.85
7.610,-317.19,235.06,-342.22,16.58,-9.95,-18.37,-16.72,10.47,111.85
7.620,-153.38,347.58,-340.76,-8.27,-1.08,-14.54,-6.72,-0.53,113.85
7.630,-327.40,313.86,-46.46,-17.34,18.63,15.95,-6.72,-0.53,113.85
7.640,-327.40,313.86,-46.46,-17.34,18.63,15.95,-2.72,-3.53,94.85
7.650,-367.00,-387.78,-118.20,16.74,-18.98,17.41,-2.72,-3.53,94.85
7.660,-367.00,-387.78,-118.20,16.74,-18.98,17.41,7.28,-19.52,130.85
7.670,359.24,-296.90,-49.40,10.34,16.43,-10.18,7.28,-19.52,130.85
7.680,-132.78,19.24,394.58,17.22,14.31,16.20,-30.72,-0.53,94.85
7.690,-132.78,19.24,394.58,17.22,14.31,16.20,-30.72,-0.53,94.85
7.700,-153.66,-290.28,65.84,-17.48,-0.09,17.64,-4.72,8.47,105.85
7.710,-375.49,-96.24,409.70,-15.67,-9.84,-1.86,-4.72,8.47,105.85
7.720,-375.49,-96.24,409.70,-15.67,-9.84,-1.86,5.28,-17.52,96.85
7.730,-278.67,-331.24,246.16,18.62,17.89,16.21,5.28,-17.52,96.85
7.740,-278.67,-331.24,246.16,18.62,17.89,16.21,-1.72,-5.53,116.85
7.750,72.72,-346.80,-118.00,1.99,15.81,-14.39,-1.72,-5.53,116.85
7.760,523.24,393.10,450.02,12.61,-21.01,-21.17,4.28,13.47,112.85
7.770,523.24,393.10,450.02,12.61,-21.01,-21.17,4.28,13.47,112.85
7.780,-365.87,-144.84,399.54,17.09,-6.23,-16.18,9.28,-18.52,91.85
7.790,-115.28,362.86,319.60,-8.14,18.37,-15.10,9.28,-18.52,91.85
7.800,-115.28,362.86,319.60,-8.14,18.37,-15.10,-11.72,4.47,112.85
7.810,-240.37,-265.46,-77.04,0.06,0.46,-18.67,-11.72,4.47,112.85
7.820,-240.37,-265.46,-77.04,0.06,0.46,-18.67,-3.72,6.47,73.85
7.830,-365.73,-144.36,25.78,-13.70,-9.83,-1.99,-3.72,6.47,73.85
7.840,374.51,389.18,-43.92,18.79,-14.15,16.14,25.28,7.47,82.85
7.850,374.51,389.18,-43.92,18.79,-14.15,16.14,25.28,7.47,82.85
7.860,10.65,39.42,394.34,-16.18,-6.89,15.59,0.28,-30.52,103.85
7.870,277.80,-147.12,399.54,-19.74,-6.36,18.41,0.28,-30.52,103.85
7.880,277.80,-147.12,399.54,-19.74,-6.36,18.41,12.28,4.47,102.85
7.890,27.41,57.52,46.46,-18.29,14.31,13.61,12.28,4.47,102.85
7.900,27.41,57.52,46.46,-18.29,14.31,13.61,-13.72,6.47,108.85
7.910,-135.75,352.70,-218.06,-8.26,10.18,14.15,-13.72,6.47,108.85
7.920,364.36,-310.96,-100.12,-3.49,14.30,-17.07,-20.72,-7.53,101.85
7.930,364.36,-310.96,-100.12,-3.49,14.30,-17.07,-20.72,-7.53,101.85
7.940,164.79,-378.90,-79.96,-1.09,18.63,-21.05,-8.72,6.47,76.85
7.950,329.15,-297.04,-59.18,27.50,16.57,-17.07,-8.72,6.47,76.85
7.960,329.15,-297.04,-59.18,27.50,16.57,-17.07,-1.72,-15.53,114.85
7.970,-326.49,270.22,-330.50,-9.16,-15.97,-16.18,-1.72,-15.53,114.85
7.980,-326.49,270.22,-330.50,-9.16,-15.97,-16.18,12.28,-4.53,80.85
7.990,72.72,-295.42,-120.56,9.83,17.96,-10.18,12.28,-4.53,80.85
8.000,-115.11,-288.20,184.72,17.22,11.81,-9.02,2.28,3.47,76.85
8.010,-115.11,-288.20,184.72,17.22,11.81,-9.02,2.28,3.47,76.85
8.020,269.15,-95.76,-284.92,-29.13,-16.09,9.45,3.28,-2.53,105.85
8.030,-244.37,-126.76,104.36,0.07,15.81,12.11,3.28,-2.53,105.85
8.040,-244.37,-126.76,104.36,0.07,15.81,12.11,-13.72,-7.53,101.85
8.050,-114.83,-331.28,-241.40,19.29,-20.45,-6.45,-13.72,-7.53,101.85
8.060,-114.83,-331.28,-241.40,19.29,-20.45,-6.45,-12.72,4.47,111.85
8.070,330.36,270.06,322.02,12.20,-7.89,1.26,-12.72,4.47,111.85
8.080,291.95,-254.64,-118.32,2.12,0.41,-1.86,8.28,-1.53,89.85
8.090,291.95,-254.64,-118.32,2.12,0.41,-1.86,8.28,-1.53,89.85
8.100,-317.02,-288.04,276.82,-18.36,13.60,-9.16,-7.72,-1.53,88.85
8.110,32.62,-103.46,394.42,19.07,14.37,-14.65,-7.72,-1.53,88.85
8.120,32.62,-103.46,394.42,19.07,14.37,-14.65,24.28,4.47,119.85
8.130,-365.17,-154.92,-282.04,9.32,-18.25,-14.90,24.28,4.47,119.85
8.140,-365.17,-154.92,-282.04,9.32,-18.25,-14.90,25.28,7.47,101.85
8.150,-281.32,-385.30,349.82,-6.72,-18.13,10.22,25.28,7.47,101.85
8.160,-153.38,352.62,-340.94,-8.13,16.07,15.72,-9.72,-12.53,93.85
8.170,-153.38,352.62,-340.94,-8.13,16.07,15.72,-9.72,-12.53,93.85
8.180,-135.75,393.66,-362.70,-13.76,11.94,17.97,-21.72,-13.53,97.85
8.190,-336.52,-307.26,313.30,12.99,-9.94,-34.76,-21.72,-13.53,97.85
8.200,-336.52,-307.26,313.30,12.99,-9.94,-34.76,-0.72,-12.53,110.85
8.210,-142.94,398.70,314.46,-9.27,-32.85,-16.33,-0.72,-12.53,110.85
8.220,-142.94,398.70,314.46,-9.27,-32.85,-16.33,3.28,11.47,111.85
8.230,-376.64,-134.60,399.46,-15.68,-6.74,-4.03,3.28,11.47,111.85
8.240,-323.69,-257.30,406.76,-9.29,18.11,-16.56,0.28,-21.52,115.85
8.250,-323.69,-257.30,406.76,-9.29,18.11,-16.56,0.28,-21.52,115.85
8.260,405.31,-256.02,-340.92,-8.13,-0.56,-20.67,-12.72,-13.53,94.85
8.270,410.44,-347.94,-46.32,1.99,-0.60,16.35,-12.72,-13.53,94.85
8.280,410.44,-347.94,-46.32,1.99,-0.60,16.35,-6.72,-12.53,84.85
8.290,-240.53,360.28,-46.38,-3.49,13.52,-9.16,-6.72,-12.53,84.85
8.300,-240.53,360.28,-46.38,-3.49,13.52,-9.16,-5.72,-22.52,99.85
8.310,-285.25,-96.22,-120.56,-15.43,-18.01,-16.33,-5.72,-22.52,99.85
8.320,-250.60,311.18,313.18,-19.76,-9.82,18.40,1.28,-7.53,110.85
8.330,-250.60,311.18,313.18,-19.76,-9.82,18.40,1.28,-7.53,110.85
8.340,-377.73,-167.88,25.94,17.07,-6.76,17.64,-18.72,5.47,98.85
8.350,-365.87,-93.32,-282.38,-17.34,1.30,15.59,-18.72,5.47,98.85
8.360,-365.87,-93.32,-282.38,-17.34,1.30,15.59,13.28,3.47,98.85
8.370,319.07,311.18,398.82,12.45,-7.28,1.09,13.28,3.47,98.85
8.380,319.07,311.18,398.82,12.45,-7.28,1.09,8.28,-4.53,113.85
8.390,359.24,266.30,-49.40,5.73,15.91,-10.05,8.28,-4.53,113.85
8.400,72.09,61.08,-218.62,-5.71,-0.56,15.69,-4.72,19.48,95.85
8.410,72.09,61.08,-218.62,-5.71,-0.56,15.69,-4.72,19.48,95.85
8.420,-104.70,398.94,446.26,-20.15,15.62,-8.12,16.28,3.47,113.85
8.430,411.00,276.46,-44.28,-0.06,16.07,16.20,16.28,3.47,113.85
8.440,411.00,276.46,-44.28,-0.06,16.07,16.20,15.28,10.47,111.85
8.450,359.75,348.22,354.02,13.00,-9.95,1.09,15.28,10.47,111.85
8.460,359.75,348.22,354.02,13.00,-9.95,1.09,-2.72,-4.53,106.85
8.470,5.88,359.76,-118.36,-0.92,18.42,-6.19,-2.72,-4.53,106.85
8.480,-319.75,-328.72,53.20,16.49,-20.53,-9.14,-18.72,-4.53,114.85
8.490,-319.75,-328.72,53.20,16.49,-20.53,-9.14,-18.72,-4.53,114.85
8.500,-156.28,398.70,-342.22,-19.83,-20.44,-9.16,11.28,9.47,117.85
8.510,-319.94,-165.36,394.58,-20.80,-8.79,17.64,-4.72,0.47,112.85
8.520,-319.94,-165.36,394.58,-20.80,-8.79,17.64,-4.72,0.47,112.85
8.530,-367.00,266.30,-48.88,16.48,18.47,-9.01,-4.72,0.47,112.85
8.540,-367.00,266.30,-48.88,16.48,18.47,-9.01,-4.72,10.47,109.85
8.550,288.36,-388.90,353.96,-8.12,18.64,-16.56,-4.72,10.47,109.85
8.560,-317.23,61.06,436.02,-15.68,-9.84,15.60,16.28,-5.53,65.85
8.570,-317.23,61.06,436.02,-15.68,-9.84,15.60,16.28,-5.53,65.85
8.580,-317.50,-198.64,104.20,-15.42,-18.00,23.79,-2.72,5.47,103.85
8.590,359.15,390.96,-46.52,16.73,16.14,-8.11,-2.72,5.47,103.85
8.600,359.15,390.96,-46.52,16.73,16.14,-8.11,11.28,17.48,96.85
8.610,246.68,-385.14,-260.42,-9.16,-4.67,11.34,11.28,17.48,96.85
8.620,246.68,-385.14,-260.42,-9.16,-4.67,11.34,13.28,-0.53,95.85
8.630,215.96,-305.86,-118.20,19.30,16.43,-9.02,13.28,-0.53,95.85
8.640,328.86,-147.24,43.28,-1.10,10.18,11.85,-0.72,2.47,117.85
8.650,328.86,-147.24,43.28,-1.10,10.18,11.85,-0.72,2.47,117.85
8.660,-317.02,-331.44,261.38,19.08,16.42,-10.17,-1.72,10.47,96.85
8.670,-155.91,357.74,399.46,-13.60,-6.87,-1.97,-1.72,10.47,96.85
8.680,-155.91,357.74,399.46,-13.60,-6.87,-1.97,13.28,4.47,96.85
8.690,-616.57,398.70,431.06,-5.70,15.81,-16.56,-2.72,9.47,105.85
8.700,-616.57,398.70,431.06,-5.70,15.81,-16.56,-2.72,9.47,105.85
8.710,-132.75,16.40,399.54,18.63,-8.80,18.15,-2.72,9.47,105.85
8.720,-156.06,-290.32,251.14,12.51,-6.37,-18.35,-0.72,-7.53,93.85
8.730,-156.06,-290.32,251.14,12.51,-6.37,-18.35,-0.72,-7.53,93.85
8.740,246.72,307.76,-64.60,-15.42,1.30,1.11,-1.72,7.47,97.85
8.750,-114.83,204.30,313.14,-5.71,-0.60,6.13,-1.72,7.47,97.85
8.760,-114.83,204.30,313.14,-5.71,-0.60,6.13,-6.72,2.47,122.85
8.770,-250.76,386.58,359.98,-7.09,9.93,18.18,-6.72,2.47,122.85
8.780,-250.76,386.58,359.98,-7.09,9.93,18.18,-5.72,15.47,110.85
8.790,-276.38,-56.98,440.26,-18.07,-16.35,-10.17,-5.72,15.47,110.85
8.800,-244.28,-88.04,66.30,-33.72,-15.96,1.23,6.28,-17.52,89.85
8.810,-244.28,-88.04,66.30,-33.72,-15.96,1.23,6.28,-17.52,89.85
8.820,359.24,-387.58,-57.04,-15.42,15.81,15.94,5.28,21.48,108.85
8.830,-153.71,59.92,66.16,16.48,18.51,-6.57,-20.72,10.47,126.85
8.840,-153.71,59.92,66.16,16.48,18.51,-6.57,-20.72,10.47,126.85
8.850,-254.37,-91.12,-241.36,-15.44,17.86,-19.20,-20.72,10.47,126.85
8.860,-254.37,-91.12,-241.36,-15.44,17.86,-19.20,3.28,-1.53,118.85
8.870,215.96,-388.90,-41.40,18.79,-18.47,-9.01,3.28,-1.53,118.85
8.880,-276.55,352.62,-291.16,-5.96,16.32,-18.62,-12.72,8.47,93.85
8.890,-276.55,352.62,-291.16,-5.96,16.32,-18.62,-12.72,8.47,93.85
8.900,-367.17,-88.20,66.96,12.46,-7.78,-18.37,-8.72,0.47,105.85
8.910,-9.40,-387.76,-59.34,-0.45,-34.01,14.55,-8.72,0.47,105.85
8.920,-9.40,-387.76,-59.34,-0.45,-34.01,14.55,3.28,9.47,103.85
8.930,411.77,-88.24,394.34,12.61,-18.47,-8.01,3.28,9.47,103.85
8.940,411.77,-88.24,394.34,12.61,-18.47,-8.01,7.28,-2.53,93.85
8.950,-376.69,-116.58,205.18,-18.05,-20.70,-10.06,7.28,-2.53,93.85
8.960,338.33,326.64,45.52,15.43,-18.02,-0.95,4.28,20.48,104.85
8.970,338.33,326.64,45.52,15.43,-18.02,-0.95,4.28,20.48,104.85
8.980,-278.82,357.98,-302.46,18.63,-8.92,15.60,-4.72,10.47,80.85
8.991,412.36,-144.48,445.82,-18.26,-7.93,-1.98,-4.72,10.47,80.85
9.000,391.10,-116.72,65.80,16.48,-16.94,12.11,21.28,8.47,95.85
9.010,272.88,-310.94,-56.78,19.30,13.87,-9.14,21.28,8.47,95.85
9.020,272.88,-310.94,-56.78,19.30,13.87,-9.14,4.28,14.47,74.85
9.030,281.88,-387.76,-98.00,16.48,16.43,-10.05,4.28,14.47,74.85
9.040,-279.11,61.06,-328.06,-17.79,-18.48,-10.16,-20.72,1.47,107.85
9.050,-279.11,61.06,-328.06,-17.79,-18.48,-10.16,-20.72,1.47,107.85
9.060,-112.70,224.78,446.26,12.24,-8.81,1.23,5.28,10.47,124.85
9.070,400.12,-385.30,-215.42,12.35,-14.29,-10.03,5.28,10.47,124.85
9.080,400.12,-385.30,-215.42,12.35,-14.29,-10.03,2.28,26.48,103.85
9.090,31.75,267.02,-79.76,-15.29,24.27,13.51,2.28,26.48,103.85
9.100,31.75,267.02,-79.76,-15.29,24.27,13.51,23.28,13.47,99.85
9.110,236.47,-398.50,-67.28,0.05,-18.15,3.90,23.28,13.47,99.85
9.120,-84.22,398.98,317.06,12.35,15.94,-6.47,-5.72,6.47,117.85
9.130,-84.22,398.98,317.06,12.35,15.94,-6.47,-5.72,6.47,117.85
9.140,359.15,276.70,435.94,-13.89,17.63,-20.80,14.28,8.47,87.85
9.150,31.75,-374.90,-249.90,-18.49,-8.81,-2.59,14.28,8.47,87.85
9.160,31.75,-374.90,-249.90,-18.49,-8.81,-2.59,-2.72,-8.53,114.85
9.170,-320.11,388.46,409.06,17.21,11.94,-20.52,-2.72,-8.53,114.85
9.180,-320.11,388.46,409.06,17.21,11.94,-20.52,-13.72,-0.53,102.85
9.190,-376.11,-147.40,435.38,-20.29,-9.94,-1.99,-13.72,-0.53,102.85
9.200,216.00,318.30,-79.80,-12.74,-18.02,-1.86,3.28,14.47,91.85
9.210,216.00,318.30,-79.80,-12.74,-18.02,-1.86,3.28,14.47,91.85
9.220,-112.39,398.70,-260.30,14.97,-7.79,-16.33,-13.72,-1.53,95.85
9.230,403.39,-256.02,-207.80,-9.17,-16.08,-18.37,-13.72,-1.53,95.85
9.240,403.39,-256.02,-207.80,-9.17,-16.08,-18.37,-6.72,-7.53,98.85
9.250,-319.64,403.90,349.06,14.46,-6.23,-0.94,-6.72,-7.53,98.85
9.260,-319.64,403.90,349.06,14.46,-6.23,-0.94,18.28,7.47,100.85
9.270,-609.16,399.80,-41.24,-0.96,18.11,16.20,18.28,7.47,100.85
9.280,30.66,347.50,-338.30,11.76,-6.24,-2.07,6.28,3.47,127.85
9.290,30.66,347.50,-338.30,11.76,-6.24,-2.07,6.28,3.47,127.85
9.300,-319.94,59.94,281.90,16.32,-9.95,17.64,8.28,17.48,104.85
9.310,-82.05,347.58,-340.92,-8.27,18.11,-20.91,8.28,17.48,104.85
9.320,-82.05,347.58,-340.92,-8.27,18.11,-20.91,8.28,-9.53,98.85
9.330,411.00,307.18,-331.98,-5.71,1.48,11.59,8.28,-9.53,98.85
9.340,411.00,307.18,-331.98,-5.71,1.48,11.59,-17.72,9.47,94.85
9.350,363.80,-377.32,-118.36,-1.19,-18.98,-21.24,-17.72,9.47,94.85
9.360,-114.78,60.40,261.42,-18.31,-9.81,-1.97,-1.72,-3.53,94.85
9.370,-114.78,60.40,261.42,-18.31,-9.81,-1.97,-1.72,-3.53,94.85
9.380,-292.93,311.02,323.92,-6.46,15.81,11.59,10.28,7.47,88.85
9.390,-79.27,-410.60,107.24,10.85,-20.95,-10.18,10.28,7.47,88.85
9.400,-365.70,-167.94,-240.88,-33.22,-15.96,18.16,12.28,13.47,107.85
9.410,77.81,-387.56,-60.70,14.44,16.42,-9.03,12.28,13.47,107.85
9.420,77.81,-387.56,-60.70,14.44,16.42,-9.03,-4.72,-5.53,96.85
9.430,31.75,276.54,-342.06,17.17,-21.34,-21.18,-4.72,-5.53,96.85
9.440,-156.26,352.62,395.78,-7.24,-1.64,18.15,1.28,3.47,97.85
9.450,-156.26,352.62,395.78,-7.24,-1.64,18.15,1.28,3.47,97.85
9.460,-135.62,470.66,406.76,-8.14,15.81,-21.17,5.28,33.48,107.85
9.470,-135.62,470.66,406.76,-8.14,15.81,-21.17,5.28,33.48,107.85
9.480,5.05,20.10,-248.12,-6.08,18.38,-20.53,-6.72,10.47,97.85
9.490,-135.60,347.58,-291.10,16.48,14.27,17.49,-6.72,10.47,97.85
9.500,-135.60,347.58,-291.10,16.48,14.27,17.49,9.28,10.47,119.85
9.510,414.83,359.78,-49.40,-15.29,1.32,1.27,9.28,10.47,119.85
9.520,-253.04,-165.00,450.66,17.09,-9.95,15.85,-0.72,6.47,116.85
9.530,-253.04,-165.00,450.66,17.09,-9.95,15.85,-0.72,6.47,116.85
9.540,-319.76,-290.32,404.66,12.64,11.79,-8.12,11.28,5.47,112.85
9.550,-156.34,511.62,406.76,-8.27,18.11,-21.23,11.28,5.47,112.85
9.560,-156.34,511.62,406.76,-8.27,18.11,-21.23,22.28,-1.53,93.85
9.570,404.60,400.70,-121.04,16.74,16.42,-9.03,22.28,-1.53,93.85
9.580,404.60,400.70,-121.04,16.74,16.42,-9.03,4.28,-4.53,115.85
9.590,359.24,-348.22,-100.28,19.05,-20.44,-10.03,4.28,-4.53,115.85
9.600,30.98,19.32,563.54,-16.18,-8.94,-0.82,4.28,6.47,98.85
9.610,30.98,19.32,563.54,-16.18,-8.94,-0.82,5.28,10.47,95.85
9.620,-295.32,-93.36,276.78,-14.27,15.97,-17.19,5.28,10.47,95.85
9.630,28.41,347.58,-248.78,-9.16,1.44,15.84,5.28,10.47,95.85
9.640,-317.38,-290.32,370.92,0.08,-18.01,-18.36,-5.72,16.48,111.85
9.650,415.48,-387.56,-118.16,16.75,12.26,12.11,-5.72,16.48,111.85
9.660,415.48,-387.56,-118.16,16.75,12.26,12.11,10.28,14.47,105.85
9.670,-376.08,-164.86,-120.56,2.12,18.38,-19.16,10.28,14.47,105.85
9.680,-132.75,-413.20,563.54,-15.67,-8.80,-1.86,15.28,-1.53,108.85
9.690,-132.75,-413.20,563.54,-15.67,-8.80,-1.86,15.28,-1.53,108.85
9.700,-278.62,357.74,-335.78,-9.14,-18.02,9.96,12.28,9.47,81.85
9.710,-317.05,403.82,-289.72,-9.15,16.06,12.11,12.28,9.47,81.85
9.720,-317.05,403.82,-289.72,-9.15,16.06,12.11,7.28,22.48,94.85
9.730,371.60,-165.32,445.54,-14.33,-16.42,-16.57,7.28,22.48,94.85
9.740,371.60,-165.32,445.54,-14.33,-16.42,-16.57,-2.72,35.48,101.85
9.750,-285.32,-88.20,399.54,19.15,-9.94,-2.38,-2.72,35.48,101.85
9.760,7.58,16.44,24.88,-25.54,-16.10,-16.18,22.28,9.47,117.85
9.770,7.58,16.44,24.88,-25.54,-16.10,-16.18,22.28,9.47,117.85
9.780,410.44,387.98,-215.42,-15.74,-16.88,-8.01,3.28,33.48,100.85
9.790,410.44,387.98,-215.42,-15.74,-16.88,-8.01,3.28,33.48,100.85
9.800,-135.47,352.70,398.82,-20.29,-9.94,1.22,9.28,-11.53,113.85
9.810,-281.49,317.42,435.94,12.48,-9.81,-16.18,9.28,-11.53,113.85
9.820,-281.49,317.42,435.94,12.48,-9.81,-16.18,6.28,-3.53,107.85
9.830,28.57,388.46,-365.88,-6.22,16.07,-16.57,6.28,-3.53,107.85
9.840,-245.65,302.06,-219.26,-14.21,11.75,12.24,8.28,9.47,89.85
9.850,-245.65,302.06,-219.26,-14.21,11.75,12.24,8.28,9.47,89.85
9.860,414.83,-346.90,-207.82,-6.08,-3.94,8.43,5.28,-3.53,89.85
9.870,414.83,-346.90,-207.82,-6.08,-3.94,8.43,5.28,-3.53,89.85
9.880,31.75,-333.78,437.50,-9.16,-2.11,12.23,11.28,-9.53,99.85
9.890,-365.69,-147.08,63.76,-4.51,-18.03,18.15,11.28,-9.53,99.85
9.900,-365.69,-147.08,63.76,-4.51,-18.03,18.15,-1.72,-1.53,105.85
9.910,402.12,-167.56,65.84,-17.47,17.86,16.21,-1.72,-1.53,105.85
9.920,361.18,-147.08,394.42,12.23,-8.94,-9.65,4.28,-22.52,87.85
9.930,361.18,-147.08,394.42,12.23,-8.94,-9.65,4.28,-22.52,87.85
9.940,42.40,267.60,-46.84,16.74,10.72,16.13,8.28,13.47,93.85
9.950,400.39,-384.98,314.64,-9.27,-9.84,18.15,8.28,13.47,93.85
9.960,400.39,-384.98,314.64,-9.27,-9.84,18.15,-5.72,-13.53,104.85
9.970,364.27,277.82,-118.04,-15.41,9.93,11.55,-5.72,-13.53,104.85
9.980,364.27,277.82,-118.04,-15.41,9.93,11.55,11.28,-1.53,92.85
9.990,-102.03,-3.56,45.80,-0.45,1.43,-0.94,11.28,-1.53,92.85
10.000,415.48,-295.42,-118.48,16.49,16.04,-18.74,8.28,17.48,112.85
10.010,415.48,-295.42,-118.48,16.49,16.04,-18.74,8.28,17.48,112.85
10.020,-288.88,-144.90,394.42,14.65,-14.32,-8.12,14.28,-9.53,109.85
10.030,-288.88,-144.90,394.42,14.65,-14.32,-8.12,14.28,-9.53,109.85
10.040,-135.65,-20.86,351.50,13.00,-8.81,17.64,-6.72,10.47,121.85
10.050,-299.85,-126.92,399.54,12.49,-8.79,17.64,-6.72,10.47,121.85
10.060,-299.85,-126.92,399.54,12.49,-8.79,17.64,6.28,7.47,131.85
10.070,-279.14,388.54,364.50,-13.69,-20.53,-9.02,6.28,7.47,131.85
10.080,-155.75,61.06,-208.94,-5.57,1.32,-0.81,-1.72,23.48,94.85
10.090,-155.75,61.06,-208.94,-5.57,1.32,-0.81,-1.72,23.48,94.85
10.100,52.23,-307.30,396.26,12.61,18.60,-14.51,-1.72,4.47,123.85
10.110,371.39,-144.56,445.62,-14.24,-15.13,11.47,-1.72,4.47,123.85
10.120,371.39,-144.56,445.62,-14.24,-15.13,11.47,-17.72,-7.53,115.85
10.130,-92.27,19.48,66.12,16.49,-18.91,-6.45,-17.72,-7.53,115.85
10.140,-92.27,19.48,66.12,16.49,-18.91,-6.45,7.28,-1.53,111.85
10.150,-295.32,-88.08,399.46,18.60,-7.78,-18.25,7.28,-1.53,111.85
10.160,49.02,347.50,335.44,-6.09,-1.77,-0.32,8.28,4.47,133.85
10.170,49.02,347.50,335.44,-6.09,-1.77,-0.32,8.28,4.47,133.85
10.180,-82.03,20.10,-290.26,-7.22,18.37,-16.56,19.28,9.47,113.85
10.190,-82.03,20.10,-290.26,-7.22,18.37,-16.56,19.28,9.47,113.85
10.200,523.27,-296.74,-248.62,-8.14,18.37,-20.53,13.28,22.48,91.85
10.210,-527.42,398.70,327.14,-16.19,-8.94,15.59,13.28,22.48,91.85
10.220,-527.42,398.70,327.14,-16.19,-8.94,15.59,5.28,-3.53,129.85
10.230,332.92,-347.26,-66.96,16.49,14.30,-14.40,5.28,-3.53,129.85
10.240,410.36,390.46,-118.52,18.79,-14.43,-16.69,-0.72,-25.52,111.85
10.250,410.36,390.46,-118.52,18.79,-14.43,-16.69,-0.72,-25.52,111.85
10.260,-254.53,390.46,-97.60,0.05,-16.09,-18.37,2.28,-2.53,107.85
10.270,-94.69,235.02,431.06,12.24,-8.79,-18.35,2.28,-2.53,107.85
10.280,-112.55,326.18,73.96,-9.16,-34.39,8.43,-11.72,-1.53,81.85
10.290,359.24,-387.76,-118.00,2.11,-18.01,-16.30,-11.72,-1.53,81.85
10.300,359.24,-387.76,-118.00,2.11,-18.01,-16.30,16.28,2.47,93.85
10.310,-115.31,30.22,436.02,-13.69,-6.38,17.89,16.28,2.47,93.85
10.320,400.92,316.14,354.06,-7.11,-29.81,18.16,12.28,-5.53,85.85
10.330,400.92,316.14,354.06,-7.11,-29.81,18.16,12.28,-5.53,85.85
10.340,-326.05,-364.66,353.78,-8.25,16.07,15.69,14.28,-23.52,98.85
10.350,-326.05,-364.66,353.78,-8.25,16.07,15.69,14.28,-23.52,98.85
10.360,-153.22,404.10,314.64,-8.27,16.06,-21.24,33.28,1.47,105.85
10.370,400.19,312.46,-330.48,-9.29,-0.56,11.53,33.28,1.47,105.85
10.380,400.19,312.46,-330.48,-9.29,-0.56,11.53,6.28,-5.53,86.85
10.390,-381.23,-165.34,445.54,-18.46,-6.24,24.05,6.28,-5.53,86.85
10.400,-135.75,347.58,-249.90,-5.56,8.65,-18.68,18.28,-0.53,125.85
10.410,-135.75,347.58,-249.90,-5.56,8.65,-18.68,18.28,-0.53,125.85
10.420,-112.75,388.54,313.14,12.48,-9.84,-0.83,4.28,22.48,105.85
10.430,-112.75,388.54,313.14,12.48,-9.84,-0.83,4.28,22.48,105.85
10.440,52.23,-377.54,-97.72,16.48,-20.96,-9.13,19.28,8.47,90.85
10.450,410.36,349.72,-100.56,-1.95,11.75,-14.91,19.28,8.47,90.85
10.460,410.36,349.72,-100.56,-1.95,11.75,-14.91,6.28,2.47,143.85
10.470,411.07,-264.70,-97.52,16.48,-14.88,-6.46,6.28,2.47,143.85
10.480,323.95,-348.10,446.26,-5.56,16.07,11.52,4.28,-10.53,88.85
10.490,323.95,-348.10,446.26,-5.56,16.07,11.52,4.28,-10.53,88.85
10.500,-240.37,317.58,-219.26,19.07,-14.87,-6.60,15.28,1.47,91.85
10.510,-240.37,317.58,-219.26,19.07,-14.87,-6.60,15.28,1.47,91.85
10.520,279.44,-144.36,-241.20,-15.44,16.57,-17.29,13.28,11.47,110.85
10.530,-377.40,-95.72,445.54,-16.18,-9.84,18.15,13.28,11.47,110.85
10.540,-377.40,-95.72,445.54,-16.18,-9.84,18.15,10.28,22.48,109.85
10.550,-291.73,267.78,-120.62,-15.44,1.44,15.59,10.28,22.48,109.85
10.560,72.06,-62.02,-219.66,-8.14,18.62,-21.18,4.28,-14.53,87.85
10.570,72.06,-62.02,-219.66,-8.14,18.62,-21.18,4.28,-14.53,87.85
10.580,364.36,344.40,-100.62,16.48,-18.27,-14.39,13.28,-3.53,118.85
10.590,364.36,344.40,-100.62,16.48,-18.27,-14.39,13.28,-3.53,118.85
10.600,72.73,390.46,-120.60,16.48,14.31,-6.45,8.28,18.48,115.85
10.610,-132.75,323.90,-243.64,-32.33,18.37,17.71,8.28,18.48,115.85
10.620,-132.75,323.90,-243.64,-32.33,18.37,17.71,-6.72,15.47,102.85
10.630,359.39,-305.68,-100.70,19.05,18.09,11.72,-6.72,15.47,102.85
10.640,-81.86,-1.08,104.24,-15.28,-0.60,9.45,-5.72,-10.53,96.85
10.650,-81.86,-1.08,104.24,-15.28,-0.60,9.45,-5.72,-10.53,96.85
10.660,410.36,-305.66,-59.16,2.11,-9.84,18.15,17.28,7.47,116.85
10.670,28.41,17.72,584.06,16.32,-8.94,15.85,17.28,7.47,116.85
10.680,-92.28,-10.82,-259.58,-6.60,9.67,18.38,23.28,-14.53,106.85
10.690,-273.52,-96.08,369.02,19.07,-8.80,17.64,23.28,-14.53,106.85
10.700,-273.52,-96.08,369.02,19.07,-8.80,17.64,-2.72,0.47,109.85
10.710,28.09,60.12,261.38,15.20,-16.38,-6.47,-2.72,0.47,109.85
10.720,-243.00,-165.20,-284.46,-0.06,1.43,17.64,12.28,-30.52,124.85
10.730,-243.00,-165.20,-284.46,-0.06,1.43,17.64,12.28,-30.52,124.85
10.740,-320.06,-167.60,399.70,18.55,-8.93,-30.15,10.28,-5.53,116.85
10.750,-320.06,-167.60,399.70,18.55,-8.93,-30.15,10.28,-5.53,116.85
10.760,226.24,-266.26,-219.44,-8.12,15.81,-14.55,3.28,-6.53,134.85
10.770,-326.05,-388.90,313.14,13.14,13.98,-16.54,3.28,-6.53,134.85
10.780,-326.05,-388.90,313.14,13.14,13.98,-16.54,14.28,7.47,99.85
10.790,8.07,-331.26,445.54,-19.83,15.91,-10.03,14.28,7.47,99.85
10.800,405.24,-387.62,-100.28,27.24,-21.21,-9.03,14.28,-1.53,116.85
10.810,405.24,-387.62,-100.28,27.24,-21.21,-9.03,14.28,-1.53,116.85
10.820,-376.12,-165.32,399.46,-17.75,-7.90,-2.84,-4.72,4.47,111.85
10.830,-153.34,352.62,-259.00,-9.17,-4.67,11.52,-4.72,4.47,111.85
10.840,-153.34,352.62,-259.00,-9.17,-4.67,11.52,12.28,-2.53,106.85
10.850,289.50,-147.28,-15.26,-17.80,-9.81,1.23,12.28,-2.53,106.85
10.860,289.50,-147.28,-15.26,-17.80,-9.81,1.23,9.28,-13.53,114.85
10.870,-276.11,19.16,63.44,-17.48,-15.97,18.41,9.28,-13.53,114.85
10.880,-278.82,393.66,-259.48,-6.34,3.63,-16.18,13.28,-3.53,128.85
10.890,-278.82,393.66,-259.48,-6.34,3.63,-16.18,13.28,-3.53,128.85
10.900,-276.55,-329.04,-284.76,0.05,-15.98,-18.36,12.28,2.47,105.85
10.910,-276.55,-329.04,-284.76,0.05,-15.98,-18.36,12.28,2.47,105.85
10.920,-84.22,352.70,399.18,17.22,-16.35,-9.13,-6.72,-26.52,112.85
10.930,364.27,359.92,-97.72,16.48,-20.45,-9.14,-6.72,-26.52,112.85
10.940,364.27,359.92,-97.72,16.48,-20.45,-9.14,2.28,1.47,122.85
10.950,-326.12,-348.14,-77.56,10.85,-18.90,-10.05,2.28,1.47,122.85
10.960,-155.78,61.08,356.66,18.59,-7.39,17.89,-8.72,11.47,101.85
10.970,-155.78,61.08,356.66,18.59,-7.39,17.89,-8.72,11.47,101.85
10.980,246.72,270.06,406.60,-9.27,0.46,-18.65,3.28,8.47,114.85
10.990,-102.03,-61.86,396.34,-8.27,-16.04,3.53,3.28,8.47,114.85
11.000,-102.03,-61.86,396.34,-8.27,-16.04,3.53,3.28,-14.53,105.85
11.010,-135.47,352.62,316.90,-15.73,12.30,-8.13,3.28,-14.53,105.85
11.020,-135.47,352.62,316.90,-15.73,12.30,-8.13,5.28,-16.52,108.85
11.030,329.15,-124.20,440.50,-20.28,-8.93,16.10,5.28,-16.52,108.85
11.040,-92.22,-328.88,74.00,10.85,-20.96,-9.01,-6.72,10.47,125.85
11.050,-92.22,-328.88,74.00,10.85,-20.96,-9.01,-6.72,10.47,125.85
11.060,-320.11,29.36,42.76,9.32,11.84,-6.60,-0.72,-14.53,103.85
11.070,-320.11,29.36,42.76,9.32,11.84,-6.60,-0.72,-14.53,103.85
11.080,322.68,369.98,-59.32,24.94,-21.47,-6.96,9.28,-7.53,95.85
11.090,-84.06,-3.60,445.82,-18.28,-7.01,-1.98,9.28,-7.53,95.85
11.100,-84.06,-3.60,445.82,-18.28,-7.01,-1.98,2.28,-10.53,102.85
11.110,-114.98,352.70,407.22,-6.22,18.11,16.21,2.28,-10.53,102.85
11.120,-327.56,265.10,-329.04,-16.12,-18.42,-7.49,-11.72,3.47,106.85
11.130,-327.56,265.10,-329.04,-16.12,-18.42,-7.49,-11.72,3.47,106.85
11.140,399.63,-289.18,-218.50,-6.71,-16.08,14.52,21.28,-11.53,105.85
11.150,399.63,-289.18,-218.50,-6.71,-16.08,14.52,21.28,-11.53,105.85
11.160,364.36,-385.30,-333.34,-15.99,14.31,-7.99,2.28,2.47,114.85
11.170,410.36,-347.38,-79.60,16.48,17.90,18.23,2.28,2.47,114.85
11.180,410.36,-347.38,-79.60,16.48,17.90,18.23,15.28,2.47,128.85
11.190,71.61,-328.68,-284.44,-0.96,10.18,13.57,15.28,2.47,128.85
11.200,-299.32,-103.88,394.42,15.17,-16.22,-19.13,-12.72,-10.53,98.85
11.210,-299.32,-103.88,394.42,15.17,-16.22,-19.13,-12.72,-10.53,98.85
11.220,-325.00,-264.98,-213.02,12.75,-8.80,17.90,20.28,-17.52,94.85
11.230,-325.00,-264.98,-213.02,12.75,-8.80,17.90,20.28,-17.52,94.85
11.240,-314.46,-106.18,-281.86,-9.14,18.62,16.21,12.28,3.47,110.85
11.250,332.92,-305.68,-98.04,16.75,-15.07,-9.01,12.28,3.47,110.85
11.260,332.92,-305.68,-98.04,16.75,-15.07,-9.01,-0.72,-15.53,102.85
11.270,-317.55,-290.46,261.42,-13.50,12.45,-17.33,-0.72,-15.53,102.85
11.280,-254.25,-90.76,450.66,-19.65,-18.33,16.20,-3.72,1.47,83.85
11.290,-254.25,-90.76,450.66,-19.65,-18.33,16.20,-3.72,1.47,83.85
11.300,-366.62,-126.44,66.94,18.50,-21.85,-14.40,5.28,-10.53,118.85
11.310,-366.62,-126.44,66.94,18.50,-21.85,-14.40,5.28,-10.53,118.85
11.320,405.24,267.74,-100.40,-1.69,-18.47,18.17,-8.72,12.47,92.85
11.330,-367.00,-95.92,440.50,18.63,-8.94,15.59,-8.72,12.47,92.85
11.340,-367.00,-95.92,440.50,18.63,-8.94,15.59,-4.72,-5.53,118.85
11.350,538.39,359.78,-118.48,2.11,1.30,-0.78,-4.72,-5.53,118.85
11.360,-155.75,-290.30,-240.90,-17.33,1.43,-1.81,9.28,-5.53,102.85
